Filename,Bad Exposure,Bad Saturation,Noise,Haze,Undesired Blur
1180478232_5078c174bb.jpg,0.3125,0.4375,0.375,0.0,0.625
6088166732_71453cc23e_b.jpg,0.0,0.25,0.0,0.0,0.0
7003323394_e8b4d5e725.jpg,0.125,0.125,0.0625,0.0,0.125
267242225_a380440815.jpg,0.375,-0.125,0.3125,0.0,0.25
1448557556_fbddd6214f.jpg,0.25,0.0,0.0,0.0,0.0
563971360_943a8c6409.jpg,0.25,-0.1875,0.0625,0.0625,0.125
2700512401_078961f062_b.jpg,0.4375,0.0,0.0,0.0625,0.0
9307105158_e6171e6099_b.jpg,0.1875,0.0625,0.0,0.0,0.0
11389158886_775e1747f0_b.jpg,0.0625,-0.4375,0.0,0.3125,0.0625
5557196914_1b1a56734d_b.jpg,0.125,0.25,0.0,0.0,0.0625
3261786163_1d1eca81c6.jpg,0.125,-0.125,0.5,0.0,0.25
4033244433_6e59713f3c.jpg,0.8333333333333334,0.0625,0.4375,0.125,0.0625
2698714740_f0b5fa55ff.jpg,0.0625,0.0625,0.0625,0.1875,0.0625
86295193_76f53c3172_b.jpg,0.5625,-1.0,0.125,0.25,0.1875
3204183306_3a3f46e140.jpg,0.6875,-0.3125,0.0,0.0,0.1875
5118178781_36649dd76f.jpg,0.5625,-0.4375,0.1875,0.6875,0.25
4612797474_f392a1eeb3.jpg,0.125,0.125,0.0,0.0,0.0
140105742_62d22c3da6_b.jpg,0.25,-0.125,0.0,0.0,0.0
512725554_4753b7c5ff.jpg,0.6875,0.0,0.375,0.0,0.0625
199406423_5bd7242b7d.jpg,0.25,0.375,0.375,0.1875,0.4375
2037743091_e34997ce88.jpg,0.375,-1.0,0.0,0.0,0.0625
5850844510_47870ea1e2.jpg,0.0,-0.125,0.0625,0.0625,0.0625
3786589779_9a99bf0f05_b.jpg,0.0,0.1875,0.0,0.0,0.0
6987985213_6b192ec42f.jpg,0.0,-0.0625,0.0625,0.0,0.0625
961739356_d173f66062.jpg,0.375,0.125,0.0625,0.0625,0.0625
5341552718_dd738fd1b7.jpg,0.125,0.375,0.0625,0.1875,0.125
14573887546_16019e08b3_b.jpg,0.375,0.5,0.0,0.0,0.0
524848914_bf918fbea6.jpg,0.625,-0.0625,0.0,0.0,0.0625
6622208841_dea53af963.jpg,0.0625,-0.0625,0.0,0.0,0.0
377847516_f52ebf150a.jpg,0.125,-0.0625,0.0,0.0,0.0
5559710564_0d9c74cc6c.jpg,0.25,-0.625,0.375,0.25,0.125
5564714660_575808641b.jpg,0.1875,0.0,0.0,0.0625,0.0
5393684773_3a60ee5b3c.jpg,0.3125,0.0625,0.125,0.0625,0.0
13138553864_90d9d30225_b.jpg,0.0,0.3125,0.0,0.0,0.0
6156204900_57d8f37df2.jpg,0.0,0.125,0.0625,0.125,0.0
2126149269_22b8cde8c8.jpg,0.625,-0.1875,0.0,0.0,0.0
5047590239_47f8fbaa4a.jpg,0.1875,0.125,0.0625,0.0625,0.0625
6086870246_63127610c0_b.jpg,0.0625,0.0625,0.125,0.0625,0.0
6856208979_e464ba60ea.jpg,0.25,-0.125,0.25,0.4375,0.625
145587975_011082f75f.jpg,0.0625,-1.0,0.0625,0.0,0.0625
511147907_c0d0f61591.jpg,0.0625,0.0,0.125,0.0625,0.0
231099563_b9c8f8cecd.jpg,0.5625,0.5,0.5,0.0625,0.0625
2127703871_5ae2a1927f_b.jpg,0.375,-0.25,0.125,0.1875,0.0
2341051990_4041c15730.jpg,0.1875,0.1875,0.125,0.0625,0.125
8819290210_2005418353.jpg,0.1875,-0.0625,0.0,0.3125,0.1875
2538170633_78a987661f.jpg,0.0,-0.1875,0.0,0.0,0.0
7977699073_040cd90b52.jpg,0.0625,-0.125,0.0,0.125,0.125
10136694774_9a2f91f64c.jpg,0.0,0.0,0.0,0.0,0.0
10938369945_a75477b7ac.jpg,0.0625,0.0,0.0,0.0,0.0
1909800240_9af58c24f4_b.jpg,0.25,-0.125,0.0,0.0625,0.0
4902334483_61a0ee7721.jpg,0.1875,0.0625,0.0625,0.0625,0.1875
269714686_113ce74a42.jpg,0.125,0.0,0.0625,0.0625,0.125
6358553761_f65c7e00e3.jpg,0.125,-0.0625,0.125,0.0625,0.0625
6210575506_8bdda4f637.jpg,0.0,-0.0625,0.125,0.0,0.0
224512723_b36f3f6da3.jpg,0.3125,-0.125,0.0625,0.125,0.125
7671047950_2defb3e4b1.jpg,0.0,-0.0625,0.0,0.0,0.0625
2470984166_7575cbf004.jpg,0.3125,0.125,0.0625,0.0,0.0
5437869566_607bc6b7dd.jpg,0.3125,0.0,0.0,0.0,0.0
8041544632_f038009da7.jpg,0.0625,-0.375,0.0625,0.1875,0.0625
20993242944_e76917e78d_b.jpg,0.0,0.0,0.4375,0.0,0.0
4948386_2dbb1f1cfa.jpg,0.3125,0.0625,0.4375,0.125,0.0625
2946532305_b3f14e27c7.jpg,0.0,0.125,0.0,0.0,0.0
12020324955_a47b3033d1.jpg,0.0,-0.1875,0.0625,0.0625,0.0625
2813320251_707503d102.jpg,0.5625,0.0625,0.125,0.125,0.0625
8923754401_9793225589.jpg,0.5,0.375,0.3125,0.0,0.0
8404038045_421515b260_b.jpg,0.375,0.625,0.0,0.0625,0.0625
4108649402_ab84f8bca6.jpg,0.1875,-0.1875,0.0,0.0625,0.0
2374479097_d308c47a8a.jpg,0.1875,0.1875,0.0,0.0,0.0
6153420331_bea945afbd.jpg,0.125,-0.1875,0.0625,0.125,0.0625
6877913545_97bb842b62.jpg,0.125,-0.0625,0.125,0.125,0.0625
3923903366_2d43e6b73b.jpg,0.0,0.1875,0.0,0.0,0.125
551589401_e6d3628793.jpg,0.0625,-0.3125,0.125,0.3125,0.0625
1576830933_c9260ec1c6.jpg,0.4375,0.1875,0.0,0.0,0.0625
8558478144_42598fe230_b.jpg,0.1875,-0.1875,0.0,0.625,0.125
2329594970_4995378778.jpg,0.5,-0.125,0.0625,0.0,0.0
4024600395_6e33cf3795.jpg,0.3125,-0.0625,0.0625,0.0,0.5
2700002225_b2f6199297.jpg,0.0625,0.0,0.125,0.0,0.0625
6024327342_a1be368506.jpg,0.125,0.1875,0.5,0.0,0.125
5228398370_349a550315.jpg,0.125,0.0625,0.0,0.125,0.0
7030464871_d2837756da.jpg,0.0,-0.0625,0.0,0.0625,0.0
5298742746_0d638eec52.jpg,0.1875,-0.4375,0.0625,0.1875,0.0625
5354373532_d31451577b.jpg,0.375,0.0625,0.0,0.0,0.0625
2112041765_cba75e8166.jpg,0.1875,0.4375,0.25,0.0,0.4375
3866671331_4bc1fc3886.jpg,0.1875,-0.125,0.125,0.0625,0.125
13735134424_d2f34da1be.jpg,0.3125,0.0625,0.125,0.0,0.125
3301161528_0af6ff860c.jpg,0.4375,-0.25,0.0,0.375,0.125
26922143864_5f1db2f6f0_b.jpg,0.0,0.0625,0.0,0.0,0.0
6107787738_69d45fd063.jpg,0.125,-0.0625,0.0625,0.5,0.125
7767731468_aebf780f11.jpg,0.3125,0.0,0.0,0.0,0.5625
2501417212_01d024f31c.jpg,0.25,0.0,0.0625,0.0,0.0
2336149374_49fe42af57.jpg,0.0625,-0.0625,0.0,0.0,0.0625
4116603433_46ac06feb0.jpg,0.3125,-0.125,0.0625,0.0625,0.0
4979440038_a9cec413e3_b.jpg,0.1875,0.0,0.25,0.0,0.0
4671873094_886247e436_b.jpg,0.0625,0.125,0.0,0.125,0.0
6346035216_a44f99fa15.jpg,0.0625,-0.125,0.25,0.125,0.25
3720347522_b58d2dbc2b_b.jpg,0.25,0.4375,0.0,0.0,0.0
5141172339_034e2b8279.jpg,0.625,0.5,0.4375,0.0,0.125
6662402455_c2e5709757.jpg,0.625,-0.0625,0.0625,0.25,0.125
8635128212_480f155537.jpg,0.125,-0.125,0.0,0.0,0.0
6148351118_761a6bd010.jpg,0.0,0.0625,0.0,0.0,0.0625
9228923054_2d3a84e333.jpg,0.0625,0.0,0.125,0.125,0.0625
7157157645_82ae155f43.jpg,0.0,-0.0625,0.0,0.0,0.0
3800259405_e62d2c6c48.jpg,0.0,0.0,0.0,0.0,0.125
3166540348_88d003202e.jpg,0.0625,0.125,0.0,0.0,0.0
5878981019_a8a5486a91.jpg,0.0625,0.125,0.0625,0.0,0.0625
3412647896_dcdcfe290e.jpg,0.0625,-0.125,0.0,0.3125,0.0
4044857317_f3680ccd6d.jpg,0.0,-1.0,0.0,0.0,0.0
168393151_04c8564424.jpg,0.125,-0.375,0.0625,0.6875,0.0625
6398427307_074d4b2330_b.jpg,0.0,0.0625,0.0,0.0,0.0
6540368435_eb49af9a00.jpg,0.0,-0.4375,0.0,0.0,0.0
700955809_5881bfd91d.jpg,0.25,-0.1875,0.1875,0.0,0.0625
3642396186_145cb80c01.jpg,0.0,0.1875,0.125,0.0,0.125
6394189351_1ae7fd661f_b.jpg,0.0625,-1.0,0.0,0.0625,0.0
962785109_ada0099d74.jpg,0.375,-0.25,0.125,0.0625,0.5
6977077636_862823a48d.jpg,0.0,0.0,0.0,0.0,0.0
8559746861_e77700559e.jpg,0.125,-0.0625,0.0,0.3125,0.0625
242635408_6f7a37ddd1.jpg,0.625,0.0,0.1875,0.0625,0.1875
9639089629_5f345b1f2b.jpg,0.1875,-0.125,0.125,0.25,0.0
5177983589_b807e8566e.jpg,0.125,0.1875,0.0,0.0625,0.25
5853140143_247a330df2.jpg,0.625,-0.1875,0.0,0.0,0.0
353802515_c890c26e3c.jpg,0.3125,-0.125,0.5,0.0625,0.1875
9579144483_38ae7fd7c9.jpg,0.0,0.0,0.0625,0.0,0.0625
26948399033_ab99ef0b1e_b.jpg,0.0,0.1875,0.0,0.0,0.0
6247835187_3ddbe2d649.jpg,0.0625,0.125,0.0,0.0,0.0625
5322967742_4370d32313.jpg,0.0,-0.25,0.0,0.0625,0.0
2216312048_1f5a6645c4.jpg,0.125,0.0625,0.0625,0.0625,0.0
4831286586_f751e42a22.jpg,0.0,0.0,0.125,0.0,0.0
5631655912_1a1134f7cd.jpg,0.625,0.3333333333333333,0.125,0.0,0.375
2368667856_df41ff641b_b.jpg,0.0,0.125,0.0,0.0,0.0
3402644656_d92b2d6c5f.jpg,0.3125,0.0,0.0,0.125,0.0625
3043665920_353db3d3c6.jpg,0.0625,0.625,0.0625,0.0,0.0625
289989333_d935894a50.jpg,0.125,-0.0625,0.0,0.1875,0.375
679680662_e05b5c0d93.jpg,0.625,-0.25,0.0,0.0,0.0
5419906245_4ecd985d26.jpg,0.1875,0.125,0.0,0.0,0.0625
9430354263_5f07670a23.jpg,0.4375,-0.125,0.125,0.0,0.0
2095465467_7c395df45c.jpg,0.375,0.0,0.0625,0.3125,0.0
5786557285_f9752d064a.jpg,0.3125,-0.0625,0.0,0.375,0.375
5794543663_13c0743f16.jpg,0.0625,-0.1875,0.0,0.0625,0.375
9178619226_2824af7b6b.jpg,0.625,0.625,0.625,0.1875,0.6875
7961936956_85a8930fc4_b.jpg,0.4375,0.4375,0.0625,0.0625,0.0625
2367864337_4efe583c12_b.jpg,0.0625,-0.1875,0.375,0.0625,0.0
3992639434_0a7596b6a0.jpg,0.1875,0.3125,0.0,0.0,0.25
4993384056_7a0bc024ff.jpg,0.0625,0.0625,0.0,0.0625,0.0
2813561325_61d20807ae.jpg,0.0625,-0.0625,0.0625,0.25,0.0625
8045522884_fc03fb98d0.jpg,0.0,0.0,0.0625,0.0,0.0
7587796822_969ea32f42.jpg,0.0,-0.0625,0.0625,0.0,0.0
268957893_ec65cd00e8.jpg,0.3125,-0.125,0.1875,0.0625,0.1875
4319029373_3c029b3afd.jpg,0.25,-0.3125,0.125,0.25,0.125
3052603124_81843d3c8c.jpg,0.0,0.125,0.0,0.0,0.0625
3498046824_2d4463f2c4.jpg,0.0625,-0.0625,0.0,0.0,0.0
6122277326_6d3f567c4e.jpg,0.0625,0.125,0.0,0.0,0.0
2300690366_22fb11cd29.jpg,0.1875,0.0625,0.0,0.0,0.0
9316428632_4485e310cc.jpg,0.125,-0.0625,0.125,0.0,0.0
3951596224_f1e9bb3dfe.jpg,0.0625,0.125,0.0,0.0,0.0
8245666088_5c360c84a3.jpg,0.0625,-0.0625,0.0,0.0,0.0
1799296347_5407801783.jpg,0.25,0.5625,0.25,0.0625,0.125
12683950034_e31d13d1a0.jpg,0.0625,0.0,0.0,0.0,0.0
4698093034_b63c3cbc89.jpg,0.125,-0.3125,0.0625,0.5625,0.375
4277367002_323b38149f_b.jpg,0.0625,0.1875,0.0625,0.0625,0.0
440931097_656b7d4820.jpg,0.5,-0.25,0.0625,0.0625,0.0625
2781855184_764a9959b0.jpg,0.1875,-0.25,0.1875,0.0625,0.0625
297017112_a47b14c589.jpg,0.0625,0.125,0.0625,0.0,0.625
342042800_ca09b42ecb.jpg,0.0625,0.0625,0.0,0.0,0.0625
6890455117_38dd890749.jpg,0.125,0.1875,0.0,0.0,0.0625
2750924235_00672e540d.jpg,0.25,0.0,0.0,0.0,0.125
4522063090_cf37dfa88a.jpg,0.375,-1.0,0.5625,0.0625,0.125
8441772489_7ef6cc17e8.jpg,0.0,0.125,0.0,0.0,0.0
2525841799_2b7154483b.jpg,0.0,0.25,0.0625,0.0,0.0
5555831629_897847825c_b.jpg,0.125,0.25,0.0,0.0,0.625
4856443613_0c7d1474e0.jpg,0.1875,0.125,0.0625,0.0,0.0625
2312006389_e690bfaedc.jpg,0.5,0.1875,0.5,0.0,0.3125
129354520_cf6b16ce05.jpg,0.5625,0.0,0.3125,0.0,0.0625
8689275582_3349dd7058.jpg,0.375,0.0625,0.0625,0.125,0.0
27486165451_329cf88927_b.jpg,0.0,-0.0625,0.0,0.0,0.625
4659132028_54c8d811b6.jpg,0.125,0.0,0.0,0.0,0.0625
5935455087_b63445015c.jpg,0.0625,0.0625,0.0,0.1875,0.0
2403248148_e23a1b1934.jpg,0.1875,-0.0625,0.4375,0.0,0.0625
8139762009_5e584c2ee5.jpg,0.0,-0.0625,0.0,0.0,0.0
3550532670_c5588abcd0.jpg,0.0,0.0,0.0,0.0,0.0
3727789758_8baebeeaf4.jpg,0.25,0.0,0.0,0.0625,0.0625
6646603825_c685a761bf.jpg,0.0,-1.0,0.1875,0.0,0.0
3055298164_c4d919a530.jpg,0.125,-0.0625,0.0625,0.0,0.0
5236156392_e3461f7d35.jpg,0.0,-0.125,0.0,0.0,0.0
1638057535_c3b7d9e705.jpg,0.1875,0.0,0.0,0.0,0.0
2361669503_be192cc465_b.jpg,0.0,0.0,0.0625,0.0,0.0
4761149400_91e99e5f1a.jpg,0.0625,0.0625,0.0,0.0625,0.0625
3243317387_22d48933c2.jpg,0.0,-0.75,0.0,0.0,0.0
8404709113_3f81782fd1_b.jpg,0.5625,0.0625,0.8125,0.1875,0.125
10279800796_b72e3150bf.jpg,0.1875,-0.375,0.0625,0.1875,0.0625
4262670635_179b2ac643_b.jpg,0.0,-0.375,0.3125,0.0,0.0
2126113841_098b57940b_b.jpg,0.125,-0.75,0.6875,0.1875,0.5
777380261_bd92542b47.jpg,0.125,0.25,0.0,0.0,0.6875
1415169894_b53bd87939_b.jpg,0.0,0.625,0.0625,0.1875,0.0
1903897742_0eddd989d4_b.jpg,0.3125,-0.0625,0.0625,0.0,0.0625
5108803653_12ef728c81.jpg,0.75,0.0,0.1875,0.0,0.375
9280961621_d8d385de6a.jpg,0.1875,-0.125,0.0,0.0,0.0
5556156664_ac17015e10_b.jpg,0.0,-0.125,0.0,0.0,0.0
4275629567_a27c0cb7ee_b.jpg,0.0,0.16666666666666666,0.0,0.0625,0.0
2197695780_d9918166dc.jpg,0.1875,-0.125,0.0,0.125,0.0
9124701402_db5d092704.jpg,0.0625,-1.0,0.0,0.0,0.0
3655482629_8672641683.jpg,0.125,-0.1875,0.0,0.0,0.0
6267892156_4259ff1514.jpg,0.125,-1.0,0.125,0.0,0.0
6397016583_056f4edf15_b.jpg,0.0,0.0625,0.0,0.0,0.0
6890502919_286d81e66e.jpg,0.5,0.1875,0.1875,0.0,0.0625
543809790_ee69edf021.jpg,0.5,0.125,0.0625,0.0625,0.0625
911031575_e53ac266ae.jpg,0.1875,-0.1875,0.0625,0.0,0.0
4142919347_a103de138e.jpg,0.75,-0.125,0.3125,0.0625,0.375
11546817796_2f7f310477_b.jpg,0.25,-0.25,0.0,0.0625,0.0625
2912291154_dc74bd27cb.jpg,0.0625,-0.125,0.125,0.0,0.0625
2772920185_31c39a0c76.jpg,0.0625,-0.125,0.3125,0.0,0.0625
3271074118_eaa5ffde22.jpg,0.3125,-0.125,0.0,0.125,0.0
4144302490_4c94e26816.jpg,0.0625,0.125,0.0625,0.0,0.0
16482356_e14d438f45.jpg,0.0,0.4375,0.0,0.0,0.0625
10362449285_f22dca344b_b.jpg,0.0,0.0,0.0,0.0,0.0
3758468342_f6157967e9.jpg,0.0,-0.5,0.25,0.0,0.0
5556897246_925ecbe5a2_b.jpg,0.0625,-1.0,0.0625,0.0625,0.0
2180721320_d40ac4e8c9.jpg,0.0,0.4375,0.0,0.0,0.0
3880739242_a6c2ec2155.jpg,0.125,0.0,0.0625,0.125,0.125
12190095215_71e362ae6f.jpg,0.125,0.0625,0.0,0.0625,0.4375
1545874881_2f900b0d41.jpg,0.0625,0.0625,0.0625,0.0,0.0625
247875833_d1d5085cd1.jpg,0.375,-0.0625,0.0,0.0,0.0625
10665242853_223b9f9728.jpg,0.25,0.0,0.25,0.0,0.125
8700175780_ffae1c48ea.jpg,0.0,0.125,0.0,0.0,0.0625
14196139590_da98348d62_b.jpg,0.0625,-0.125,0.0,0.0,0.0625
7982249202_757c2f5f70_b.jpg,0.0,0.0625,0.0,0.0,0.0
3916943046_171e0ecb00.jpg,0.25,0.25,0.0,0.0625,0.0
2640938653_ed6c46c04b.jpg,0.0625,0.0625,0.0,0.0,0.0
8206917892_9e15db0cf9.jpg,0.0625,-0.125,0.0,0.125,0.0625
2580010392_cc9a0a51bb.jpg,0.5,-0.125,0.0,0.125,0.125
5484909016_747a3e657a.jpg,0.25,-0.4375,0.0,0.0,0.0625
27281269650_82294e2476_b.jpg,0.25,0.125,0.0,0.0,0.0
3515905732_aaa58bf06c.jpg,0.0,-0.0625,0.0625,0.0,0.0
3175325072_94cd2e9a86.jpg,0.125,0.0,0.0,0.125,0.0625
4428212251_2a51c3649b.jpg,0.125,-0.75,0.0625,0.25,0.0
8111664602_4deb3dd81c.jpg,0.125,-0.0625,0.6875,0.0,0.125
3510134778_57beea4d27.jpg,0.5,-0.375,0.0625,0.125,0.0625
511942759_a9333435f5.jpg,0.3125,0.0,0.125,0.0,0.0
6067577538_5b27c57c66.jpg,0.3125,0.3125,0.0625,0.0625,0.1875
3349989742_a8a05b02c5.jpg,0.0,-0.0625,0.0,0.0,0.0625
5897182267_e8dbeb914c.jpg,0.0,0.125,0.0625,0.0,0.0
2046926368_3d791ee6e6.jpg,0.0625,0.0625,0.125,0.0625,0.0
3270071942_43b6e23644.jpg,0.5625,-0.125,0.0,0.25,0.0
8258974957_5133be02cc_b.jpg,0.0625,-0.125,0.0,0.0,0.0
4832077771_b583bb0b0e.jpg,0.1875,0.0625,0.0,0.0,0.0625
4671910545_10c45dba94_b.jpg,0.0,-0.125,0.0,0.0,0.0625
8406252300_06efaef724_b.jpg,0.0,0.0,0.125,0.0,0.0
27562505385_f6d53eb378_b.jpg,0.125,-0.0625,0.0625,0.625,0.0625
4710989863_e1e41c0692_b.jpg,0.0,0.4375,0.0,0.0625,0.0
5809028619_1bac46b460.jpg,0.0625,0.25,0.1875,0.0,0.0625
3198454946_46b832edc1.jpg,0.125,-0.1875,0.0,0.3125,0.0625
459774852_d908147330.jpg,0.25,0.0,0.0625,0.0,0.0625
3055293656_3790fe19dd.jpg,0.3125,-0.0625,0.25,0.0,0.25
2664417559_3ceb8a38c6.jpg,0.0,0.0625,0.0,0.0,0.0625
4531183446_3f201b0aa3.jpg,0.0,-0.0625,0.0625,0.0625,0.0625
7740643536_687670b1d2.jpg,0.25,-0.0625,0.0,0.0625,0.0625
21626995162_7a40f1dd38_b.jpg,0.0625,-0.4375,0.125,0.875,0.0
2672196720_d6348cff87_b.jpg,0.0625,0.0,0.0625,0.25,0.0
6576298867_58e449a349.jpg,0.0625,-0.125,0.1875,0.0,0.0625
2666996412_e22ded708f.jpg,0.0625,0.0,0.0,0.0,0.0625
3479039557_08100f4b6e.jpg,0.0625,-0.0625,0.0625,0.0625,0.0
26950850993_0f45a0373c_b.jpg,0.0,0.25,0.0,0.0,0.0
1796945300_ba87ac8b1a.jpg,0.0,0.0,0.0625,0.0,0.0625
2640010712_67ff65d105.jpg,0.375,0.0,0.3125,0.125,0.375
27465711082_db78eca2fd_b.jpg,0.0,0.3125,0.0,0.0,0.0
23236151426_b23f2da163_b.jpg,0.0625,0.25,0.0,0.0625,0.0
8198593368_98b4d80d79.jpg,0.0625,0.0,0.0,0.0,0.0625
4391868329_c70a05b1a1.jpg,0.3125,-0.9375,0.75,0.0625,0.0625
320491238_151fab7620.jpg,0.0625,0.0625,0.0625,0.5,0.0
27435508622_0015835c6d_b.jpg,0.0,0.1875,0.0,0.0625,0.0
3477445660_0db39b5c8b.jpg,0.0,0.0625,0.0,0.0,0.5
16048066_b41ac0c958.jpg,0.375,0.125,0.4375,0.0,0.0625
9228035731_ef7b9fbd82.jpg,0.25,-0.125,0.0,0.0,0.0
5514932197_798494f2a0.jpg,0.125,-0.25,0.125,0.0,0.0
5311991748_5f5abe4d98.jpg,0.25,0.375,0.125,0.25,0.375
1671201590_51d9af36ea.jpg,0.125,0.4375,0.125,0.625,0.375
6248389589_ae5af59afc.jpg,0.5625,0.0,0.0,0.0625,0.8125
67421414_c2d7b6fb3f.jpg,0.125,0.125,0.0,0.0,0.0625
6068313246_2f3b8b3754.jpg,0.125,0.0,0.0625,0.125,0.0625
3397469120_6a0c482589.jpg,0.0,0.125,0.0,0.0,0.0
7523920428_0ce437c0d8.jpg,0.125,0.125,0.25,0.0625,0.0625
7193673420_cd53358574.jpg,0.1875,-0.0625,0.0,0.0,0.0625
2771897537_67e2681870.jpg,0.375,-0.0625,0.0625,0.0625,0.0625
10460556086_49ed8316f7.jpg,0.25,0.125,0.0,0.125,0.0625
9694181700_9a91c40d8e.jpg,0.375,-0.25,0.0,0.0625,0.0625
2123928423_72b2157616.jpg,0.3125,-0.4375,0.8125,0.125,0.1875
7020590979_ca95347026.jpg,0.3125,0.125,0.125,0.0,0.3125
2390583204_b69cde8763.jpg,0.0,0.0,0.0,0.0,0.375
6205285674_4a4d94a1b7.jpg,0.0625,0.4375,0.0625,0.0,0.0625
2374605115_28cf536916.jpg,0.0,0.0,0.125,0.0,0.0
3025439448_4fd4ec95f0_b.jpg,0.0,0.25,0.0,0.0,0.0
8132085489_fc65ff4564_b.jpg,0.0,0.375,0.125,0.0,0.0
3022509397_ae55db3d48_b.jpg,0.1875,0.0625,0.0,0.3125,0.625
4509784445_00c49d0009.jpg,0.0625,0.0,0.0,0.0,0.0625
6488048167_f4a6ff171d.jpg,0.0625,-0.0625,0.125,0.125,0.0
2359034153_a2c6b44873.jpg,0.1875,0.0,0.3125,0.0,0.0
5859575750_98d26f41d5.jpg,0.0625,-0.0625,0.0,0.25,0.6875
736178565_9658ae3daf_b.jpg,0.1875,0.125,0.0,0.125,0.0
6818552150_3c4462c461.jpg,0.3125,-0.0625,0.1875,0.1875,0.0625
2446417051_d4fdac00f9.jpg,0.0,0.0,0.0,0.0,0.0
6271850204_3d8c33e2f8.jpg,0.0625,0.0625,0.0,0.0,0.0
4117367834_def0813822.jpg,0.0625,0.125,0.0,0.0,0.0
5248136112_33b71a374c.jpg,0.1875,-0.0625,0.0625,0.0,0.0625
5560392583_23717d8dd2.jpg,0.125,-0.125,0.0,0.0625,0.1875
3443693270_8e1476c528.jpg,0.0,-0.1875,0.0,0.375,0.0
4130075908_f0cc276f02.jpg,0.125,0.3125,0.125,0.125,0.0
5315719602_f552ae7538.jpg,0.0625,0.25,0.0,0.0,0.0625
2990806669_b55d1124ab.jpg,0.125,0.0625,0.125,0.0,0.0
1440367201_62fa306cbd.jpg,0.0625,0.0625,0.0625,0.25,0.0
5503721629_bbb51c2c23.jpg,0.0625,0.125,0.125,0.0,0.4375
388351450_07e4bd3895.jpg,0.125,0.1875,0.25,0.125,0.6875
294561920_d9d1bdd204.jpg,0.125,-0.125,0.0625,0.0,0.0
3457762732_37464fa0e8.jpg,0.1875,0.125,0.0625,0.0,0.0
2154074552_e2d0936eb5.jpg,0.125,-1.0,0.875,0.0625,0.0
7702559316_dceeef3018.jpg,0.0625,-0.125,0.0625,0.0,0.0625
5305405228_e221ec1c48.jpg,0.3125,0.0,0.0,0.0,0.0
1239953520_6c72161555.jpg,0.0625,0.0625,0.0,0.375,0.0625
4276653957_a6422bf932.jpg,0.0,0.125,0.0,0.0625,0.0
5163975596_696fa31115.jpg,0.125,-0.25,0.0,0.0,0.0625
5378028847_28c25e51f3.jpg,0.1875,-0.4375,0.375,0.75,0.125
3411903535_0d1981d4f4.jpg,0.4375,-0.125,0.0625,0.0,0.0
636584064_6d3c287a2c.jpg,0.0625,0.0625,0.0,0.0625,0.0
2841775514_027bc6ff7f.jpg,0.125,-1.0,0.4375,0.0,0.0
3603304865_89b9031a4b.jpg,0.0,0.0,0.0625,0.6875,0.0625
5693696420_a07b58a83e.jpg,0.0625,0.25,0.375,0.0,0.0625
2977318639_5028892e86.jpg,0.5,0.0625,0.0625,0.0,0.0
21443346588_8599172f9d_b.jpg,1.0,-0.375,0.125,0.125,0.0625
8789996592_e843db3ee6.jpg,0.0,-0.375,0.0625,0.0,0.0625
8299796855_fbe302f589.jpg,0.1875,0.0,0.0,0.0,0.0
3022988766_e842b81010_b.jpg,0.0625,0.0,0.0,0.0,0.0
11452017753_fcbe8eb466.jpg,0.0,0.375,0.0625,0.0625,0.0625
2810990309_d156c993b6.jpg,0.125,0.0,0.0,0.0,0.0625
296199116_5cd1c5ca1d.jpg,0.125,0.125,0.0625,0.0,0.625
10165476386_6646be1d67.jpg,0.1875,0.3333333333333333,0.0625,0.375,0.0625
9873872226_147bf2a9b3.jpg,0.125,-0.125,0.0625,0.125,0.0
7566744310_9abe5b5e47.jpg,0.3125,0.25,0.0,0.0,0.125
104151958_8789400bd2.jpg,0.0625,0.125,0.0,0.0,0.0
4626432225_316f01c907.jpg,0.125,-0.125,0.1875,0.0,0.0
11394663933_c814474d07_b.jpg,0.1875,0.1875,0.0,0.0625,0.0625
5828645607_4fe5ce0db7.jpg,0.0625,0.0625,0.0,0.0,0.0625
2272677904_4823c67a54.jpg,0.375,0.0625,0.0,0.0625,0.0
4858056602_842e328d84.jpg,0.0,0.0,0.0,0.0,0.0
319957511_6f518c7d26.jpg,0.125,0.0625,0.0,0.0,0.0
6772734721_cb6b2925df.jpg,0.125,-0.25,0.0,0.0,0.0
11383054154_9ec616c5d0_b.jpg,0.5,0.3125,0.0,0.5,0.3125
461255704_d041326343.jpg,0.0625,0.0625,0.0625,0.1875,0.0
27256067410_7dd4a80c4f_b.jpg,0.0,0.0625,0.0,0.0,0.0
4454015667_fc07b5ab47.jpg,0.375,0.3125,0.1875,0.0,0.375
5458209915_da65fd22db_b.jpg,0.0,0.0625,0.0,0.0,0.0
4326327194_814c9a36db.jpg,0.125,-0.0625,0.125,0.0625,0.0
5625105324_ca05861c9d.jpg,0.0,0.0,0.0,0.0,0.0
1804517947_7ed7e98f41.jpg,0.1875,-0.0625,0.0625,0.0,0.0625
3518863445_9f6ca631f7.jpg,0.0625,-0.0625,0.0625,0.0625,0.0
8707073743_f9519fdd00.jpg,0.25,-0.375,0.25,0.0,0.3125
8139693999_012fabf03b.jpg,0.125,0.125,0.125,0.0,0.0
8708610856_01d5da787a.jpg,0.3125,0.0,0.1875,0.0,0.0
2491340960_2c7cbf6791.jpg,0.0,0.0,0.125,0.125,0.375
3517258780_dc6a3ae6ae.jpg,0.0625,-0.125,0.0,0.25,0.0
6982446430_2867da1b99.jpg,0.0,-0.0625,0.0,0.0,0.0
10497664275_ecd7af2a23.jpg,0.0,0.0625,0.0625,0.0,0.0
113079067_43aefbc31b_b.jpg,0.375,0.125,0.0,0.0,0.0
2317359147_3c450f9d96.jpg,0.0,0.0,0.0,0.0,0.0
5424264003_4c64fc985c.jpg,0.125,0.0,0.0,0.0,0.0
86172788_fa41d20389.jpg,0.25,-0.125,0.0625,0.1875,0.0
4310991833_1098c5c996.jpg,0.0,-0.1875,0.0,0.0625,0.0
27530153176_095d80b069_b.jpg,0.0,0.1875,0.0,0.0,0.0
9735772353_a3f3e2fb8e.jpg,0.5625,-0.125,0.1875,0.1875,0.5
217578579_e98cfcdadd.jpg,0.25,0.375,0.75,0.25,0.1875
2195839470_13f69f9d28.jpg,0.0,-0.0625,0.1875,0.0,0.0625
1825841863_1d39ac5fc5.jpg,0.5625,-0.25,0.0625,0.0,0.25
3707581392_1e0d4680b8.jpg,0.1875,0.0625,0.125,0.0,0.0625
3909736542_e350bf5a6a.jpg,0.125,0.0625,0.0625,0.125,0.0
7376705914_91f5fa615e.jpg,0.5,0.1875,0.0,0.0,0.125
309430176_1b3f32195d.jpg,0.0,-0.25,0.0,0.375,0.0
3115916676_fb4f5dd46e.jpg,0.25,0.0,0.1875,0.0,0.3125
4301301812_51921650d5.jpg,0.0,-0.3125,0.0625,0.0,0.0625
2819189415_b93b66b627.jpg,0.1875,0.0625,0.0,0.0625,0.0
13800774723_00426b8261.jpg,0.3125,-0.125,0.0,0.0625,0.0
3840795044_012b0e40b4.jpg,0.0625,-1.0,0.375,0.0,0.1875
156232705_21f3191f52.jpg,0.0,0.25,0.1875,0.125,0.0625
6881766589_b044c18683.jpg,0.0,-0.1875,0.3125,0.0,0.0
5763749689_4250ab45c2.jpg,0.3125,-1.0,0.0,0.0,0.0625
944717227_8ed1d8e202.jpg,0.375,0.125,0.125,0.0,0.0
10517170023_9ac79fb62c.jpg,0.25,0.375,0.0625,0.0,0.0
3666431556_af2ebdedf7.jpg,0.0625,0.0625,0.0,0.0,0.0
129650902_a0ef0634e4.jpg,0.3125,-0.25,0.9375,0.0,0.3125
7913595086_4f065c5d89.jpg,0.125,-0.0625,0.0625,0.0,0.0625
3668273395_fbb60cd36d.jpg,0.125,0.25,0.0,0.0625,0.0
8458784740_f73dbe852a.jpg,0.0625,0.25,0.0,0.0,0.0625
4580009732_097be68327.jpg,0.125,0.0625,0.0,0.0,0.25
8257589562_b3e0900eb5_b.jpg,0.0625,-0.125,0.0,0.0625,0.0
3438920943_73c21d8454.jpg,0.0,-0.125,0.1875,0.0,0.0
64915166_cc0b5e75ab.jpg,0.4375,-0.6875,0.125,0.0,0.0625
3721794095_644afbd94d_b.jpg,0.1875,0.25,0.0,0.0,0.0
5602056816_165ca8b71f.jpg,0.0,-0.3125,0.0,0.0,0.0
4167579807_de47e523cf.jpg,0.625,-0.25,0.125,0.4375,0.375
3368744758_22dcca741f.jpg,0.0,-0.25,0.0625,0.1875,0.0625
5841695547_e1238de45d.jpg,0.0625,-0.125,0.125,0.0625,0.0625
5726990293_7edfe0c3b6.jpg,0.5625,-0.1875,0.0625,0.0625,0.0
201861338_b93de37e88.jpg,0.0,-0.125,0.75,0.0,0.0
3513121795_bcb0ab7833.jpg,0.0,0.0625,0.0,0.0625,0.0
8403285452_ffe54593b3.jpg,0.0625,0.1875,0.125,0.0,0.25
1242878558_db717ef935.jpg,0.0625,-0.25,0.0,0.0,0.125
7686313328_c53947aac3.jpg,0.0625,0.0625,0.0,0.0,0.0625
7465364030_82bcde80ec.jpg,0.0625,0.0,0.0,0.0,0.0625
4267639323_f7ed4d1741.jpg,0.1875,-0.0625,0.0625,0.1875,0.0625
5793316774_45c9ffc22d.jpg,0.1875,0.0625,0.0,0.0,0.4375
27468269292_a1e416ce3c_b.jpg,0.125,0.375,0.0,0.0,0.0
4994124786_1d48168c66.jpg,0.125,0.3125,0.0625,0.0,0.0625
4862043541_510a830db0.jpg,0.0,0.8125,0.625,0.0,0.1875
5108940497_579f481f19.jpg,0.1875,0.125,0.0,0.0,0.0
5958678059_c6cab04523.jpg,0.0625,0.0,0.0,0.125,0.0625
6277724238_ccbd15364d_b.jpg,0.0,0.3125,0.0,0.0,0.0
13699494094_0d1dd0dff2_b.jpg,0.0,-0.9375,0.0,0.0,0.0
13914914205_03226a35f2.jpg,0.125,0.0625,0.0,0.0,0.0625
203953569_624bc9bac5.jpg,0.75,-0.1875,0.0625,0.125,0.125
1399319157_9bca870445.jpg,0.1875,0.125,0.0,0.125,0.0
8490970377_0806e3ef4f.jpg,0.3125,-0.4375,0.375,0.0,0.3125
640255060_2358cdd11b.jpg,0.0,-0.0625,0.0,0.0,0.6875
902132211_5c8f3e0933.jpg,0.0625,0.1875,0.0625,0.125,0.0
456906868_a3bdc588ee.jpg,0.0,0.0,0.0,0.0,0.0625
7656159102_55c8db82ca.jpg,0.0625,-0.0625,0.0625,0.4375,0.125
3942331187_34a933f7ef.jpg,0.25,-0.0625,0.0,0.0625,0.0625
5137775143_7e043a731a.jpg,0.125,-0.125,0.0,0.0,0.0625
5006872889_e28e2d1cf6.jpg,0.25,0.25,0.0625,0.0,0.125
274523210_b71ec95a61.jpg,0.75,0.125,0.0625,0.0,0.0
7333841294_db5a121782.jpg,0.375,-0.0625,0.1875,0.0625,0.0625
5792754847_7b459d569c.jpg,0.3125,-0.125,0.0,0.0,0.375
1632759163_1bb8d6b577.jpg,0.125,-0.0625,0.0,0.1875,0.0625
26641834_b3650f67e0.jpg,0.0625,-0.0625,0.0,0.0625,0.375
2580028408_1cb1958084.jpg,0.0625,0.4375,0.375,0.0,0.375
373973792_35980c5eb0.jpg,0.25,0.125,0.125,0.0,0.0
3781444090_0938f8893d.jpg,0.0625,0.0,0.0,0.0,0.0
3350374486_a8d0ce9a3e.jpg,0.0,0.0,0.0625,0.0,0.3125
183856324_b0e72f88e6.jpg,0.25,-0.0625,0.375,0.125,0.0625
1210953302_9aeb30a888.jpg,0.0,0.1875,0.0,0.0,0.0
163697399_cfdc6757a6.jpg,0.1875,-0.5,0.0,0.25,0.125
5912148469_89a7473339.jpg,0.0,-0.1875,0.0,0.0625,0.0625
2137501158_35623a545a.jpg,0.1875,0.125,0.0,0.0,0.0
2158618886_ce25d29611.jpg,0.1875,0.0625,0.1875,0.0,0.0625
4400129998_8815285d49.jpg,0.125,-0.4375,0.3125,0.6875,0.0625
7695029918_009ae794e0_b.jpg,0.0,-0.25,0.0625,0.125,0.0
149288161_2d1223dde7.jpg,0.0,0.0,0.1875,0.0,0.0
2440624291_c185846df3_b.jpg,0.1875,-0.1875,0.375,0.5,0.25
2649613455_39ed9fd221.jpg,0.0,0.0,0.0,0.0,0.0
3354423151_49cf06f3b2.jpg,0.0625,0.0,0.0,0.1875,0.125
3054049400_433efaeef6.jpg,0.5,-0.1875,0.75,0.0,0.0
5228291968_718cb5cf7f.jpg,0.0625,-0.0625,0.125,0.125,0.625
3999101385_c54b47d3fc.jpg,0.375,-0.1875,0.0625,0.0,0.0625
12279322994_5bbe0ff938.jpg,0.3125,-0.4375,0.0,0.3125,0.0
27469079402_3a1ecca37d_b.jpg,0.0,-0.25,0.0625,0.0,0.125
27459498381_3ae0ded515_b.jpg,0.1875,0.5,0.0,0.0,0.0
229466026_33eccc97f8.jpg,0.125,0.25,0.125,0.0,0.0625
2098271103_e31f1917b1.jpg,0.0,0.0625,0.0625,0.0625,0.0
2668998130_8a0f5a4a44_b.jpg,0.25,0.375,0.375,0.125,0.25
27558142075_d251b7db1e_b.jpg,0.125,-0.0625,0.0625,0.3125,0.0625
5217612238_e4528b9bc5.jpg,0.0,0.1875,0.375,0.0,0.0
27460763352_116f9a18dc_b.jpg,0.0,0.0,0.0,0.0,0.0
3484990479_f44fdb7271.jpg,0.8125,0.25,0.25,0.0625,0.5
5599731937_db089a1314.jpg,0.0,0.0625,0.0,0.0,0.0
6141109315_3e2b417972.jpg,0.125,0.0,0.0625,0.125,0.0
27556978975_7cc612b1f0_b.jpg,0.0,-1.0,0.0625,0.1875,0.0
6342095513_a4e03392c8.jpg,0.0625,0.1875,0.0625,0.1875,0.0
8175648570_6b4cdd75b3.jpg,0.1875,-0.0625,0.625,0.0625,0.4375
349709263_82bd03ca09.jpg,0.125,0.1875,0.0,0.0,0.0
3264761766_ea90fc0917.jpg,0.0,0.0,0.0,0.0,0.0
2703080772_296b17f2f2_b.jpg,0.0625,0.0,0.0625,0.0,0.0
7961409444_87ac25d05c_b.jpg,0.1875,0.0,0.0,0.0,0.0
6000418644_89194932a1.jpg,0.0,0.0,0.0,0.0625,0.1875
5109126563_824fefe7ea.jpg,0.0625,0.3125,0.0,0.0,0.0625
14597349725_ae456fdd0a_b.jpg,0.125,0.4375,0.0,0.0,0.0
192530331_f23cca6099.jpg,0.375,-0.1875,0.375,0.5625,0.1875
3291498185_2265720711.jpg,0.25,0.0,0.0625,0.0,0.125
2116899246_8c5338a27d.jpg,0.125,0.6875,0.1875,0.0,0.6875
10612008946_ef99144777.jpg,0.3125,0.0625,0.0625,0.0,0.0
4078032796_a6aa024709.jpg,0.0625,0.25,0.0,0.0,0.25
6430076701_0cbbbc978d.jpg,0.0,0.375,0.0,0.0,0.0
3434612988_f0b02e7865.jpg,0.125,0.0625,0.0,0.0,0.125
4646667202_6e6723b756.jpg,0.5625,0.0625,0.0625,0.3125,0.125
4712795466_0e98d64ed0_b.jpg,0.125,-0.1875,0.0,0.0,0.0625
2641925449_83d66b7655.jpg,0.25,-0.0625,0.0625,0.1875,0.0
156235727_4ee21a1eec.jpg,0.0,0.25,0.1875,0.0625,0.0
139941814_ac972e818a_b.jpg,0.5625,0.4166666666666667,0.0,0.0,0.0625
2670707542_1102b45366_b.jpg,0.1875,0.5625,0.0,0.0,0.0625
23383048094_42580a73bc_b.jpg,0.25,-0.1875,0.0,0.125,0.0625
1633729230_a45a635902.jpg,0.0,-0.1875,0.0,0.0,0.0
4815311503_bbb1a8170e.jpg,0.5,0.25,0.0625,0.0,0.0
24641516_f916d30749.jpg,0.3125,-0.0625,0.5625,0.25,0.0625
4857064652_bfd7a8c427.jpg,0.1875,0.25,0.125,0.0,0.125
5989913747_cd1af082ce.jpg,0.5625,0.375,0.125,0.0625,0.375
3085960256_9d17a38531.jpg,0.0625,-0.0625,0.0,0.0,0.0
2664754729_781d0df4ef.jpg,0.0,-0.4375,0.25,0.0,0.0
3683701788_9f3130a6c2.jpg,0.125,0.0625,0.0625,0.0,0.0
5476969680_5ca2740885.jpg,0.4375,-0.1875,0.0625,0.125,0.125
2890215528_5320810548.jpg,0.0625,0.0,0.1875,0.0,0.0
8122768141_e36a2a9283.jpg,0.0625,0.1875,0.0,0.0,0.125
9734878590_67ebf6c680.jpg,0.0,0.125,0.0625,0.0,0.0
5262395845_750042efdd.jpg,0.0,0.0625,0.125,0.0,0.5
9366209627_afd8baacf6.jpg,0.0625,0.125,0.0625,0.0,0.0625
7980825194_deb57401af.jpg,0.125,-0.0625,0.0,0.0625,0.0
5453577724_d75322e610.jpg,0.0,-0.875,0.0625,0.0,0.0
752689082_6c5b837ae5.jpg,0.125,-0.0625,0.25,0.25,0.0625
5913662271_b062a90429.jpg,0.0,0.0625,0.0625,0.0,0.0625
4747915485_7f8a1a9696.jpg,0.1875,-0.1875,0.25,0.0625,0.0625
16052204286_3116235f94_b.jpg,0.0625,0.0,0.0,0.0,0.0625
5208803737_272ab7ddf1.jpg,0.0,0.1875,0.25,0.0,0.0
4863205297_44c0fe416e.jpg,0.3125,0.3333333333333333,0.5,0.0,0.25
3479653_03c43d3508.jpg,0.0,-0.0625,0.0625,0.0,0.0
12791660884_b02bf6aee7_b.jpg,0.125,0.125,0.0,0.0625,0.0
7395270324_0c46515b5d.jpg,0.0625,0.125,0.0,0.0,0.0625
10399709613_1d3894d863.jpg,0.0625,0.0,0.0625,0.0,0.5
5458121532_b681685559_b.jpg,0.125,0.3125,0.0,0.0,0.0
8251417656_b5fdc1ef88_b.jpg,0.25,0.3125,0.5625,0.0625,0.0
8389332398_7310657fcd.jpg,0.0625,0.125,0.0,0.0,0.0625
2772793355_ea88375116.jpg,0.0625,-0.0625,0.0,0.0,0.5
5614330004_c30cb64640.jpg,0.0,0.0625,0.0,0.0,0.0625
8257519834_993b502ed6_b.jpg,0.1875,-0.1875,0.0625,0.1875,0.1875
219601496_02ce770ed6.jpg,0.0,0.0625,0.0625,0.0,0.0
222993261_e487f7ebe4.jpg,0.5,0.0,0.0,0.0625,0.0
8044642634_ccbc6d7e3b.jpg,0.125,0.125,0.0625,0.0,0.0625
5440530255_4bc026a20b.jpg,0.0,0.125,0.0,0.125,0.125
3152739519_00c54c80e3.jpg,0.125,-0.375,0.1875,0.3125,0.125
5827117666_78f3e04766.jpg,0.1875,-0.5,0.0,0.125,0.0625
2724438945_6b57b7a53f.jpg,0.1875,-0.0625,0.0,0.0,0.0625
8575231024_f349e92418.jpg,0.3125,-0.4375,0.0625,0.125,0.0625
5578241468_c2b0de5538.jpg,0.25,-0.25,0.0,0.0,0.0
225502813_8e52f25858.jpg,0.0,0.0,0.0625,0.0,0.0
7456174314_b2bfdc7d35.jpg,0.0625,0.375,0.0625,0.0625,0.0625
5792737391_a8f01b75bf.jpg,0.125,0.125,0.0625,0.0,0.0
5138782188_739c256010.jpg,0.0625,0.25,0.0,0.0,0.0
6607731983_5016daa799.jpg,0.0,-0.0625,0.0,0.0,0.1875
9001156977_dfa6b4d868.jpg,0.0625,0.125,0.0,0.0,0.0
5490817229_b439ffc6f3.jpg,0.3125,0.375,0.0,0.0,0.8125
5718415154_6bbc347b36_b.jpg,0.1875,0.25,0.0625,0.1875,0.0625
2488325265_a0da891ae5.jpg,0.3125,0.0625,0.0,0.0,0.0
5621353213_8db4a669c0.jpg,0.3125,0.0625,0.0,0.0,0.0625
26954384673_d31e15b4f1_b.jpg,0.1875,0.125,0.0625,0.0625,0.125
3511501168_6a2b0bfc45_b.jpg,0.125,0.625,0.0625,0.0,0.0
5185938137_e68d50026a.jpg,0.0625,0.4375,0.0,0.0,0.0
21450949199_42b3481746_b.jpg,0.0,0.0,0.0,0.0,0.0
27533010965_394f6bfd09_b.jpg,0.0,0.25,0.0,0.0,0.0
2731268873_72bc28ec17.jpg,0.0625,-0.25,0.125,0.5,0.0625
7177475132_1fb12be5a9.jpg,0.0,0.0625,0.0,0.0,0.0
2401873746_68db328f19.jpg,0.0,0.1875,0.0,0.0,0.0625
1812295805_f17bdc38d2.jpg,0.4375,-0.3125,0.0,0.0,0.0
110158000_ffac2c2bfe_b.jpg,0.0,0.0625,0.0,0.0,0.0
4702114658_2b4fb70ceb.jpg,0.0625,-0.0625,0.0625,0.0625,0.0625
123926958_5bd4d17969.jpg,0.375,-0.125,0.5,0.0,0.3125
7109033671_baa143a361.jpg,0.0,0.0,0.0,0.125,0.0
3357514626_2914ce61d0.jpg,0.1875,-0.1875,0.0,0.0,0.0
1575081564_2948aeed49.jpg,0.0,0.0625,0.0,0.0,0.0
167941402_55ad610ac3.jpg,0.5,-0.1875,0.0625,0.5,0.0625
5435066216_bbe0b4cdb1.jpg,0.1875,0.0625,0.0,0.0,0.0625
2480344768_2d55baf12f.jpg,0.0625,-0.0625,0.1875,0.0625,0.0
7864916486_18d8817c60.jpg,0.0625,0.0625,0.0,0.0625,0.0625
27503915566_70367bc68d_b.jpg,0.3125,-1.0,0.0,0.1875,0.0625
5657475302_f5aaf1b179.jpg,0.25,0.25,0.0625,0.0,0.0625
2063164470_9499c5ca4f.jpg,0.0,0.0625,0.0,0.25,0.0625
4814359386_d278e3600e.jpg,0.1875,0.1875,0.0,0.0,0.125
15460205123_dd53d1d626_b.jpg,0.0625,0.125,0.0,0.0625,0.0
2378607795_d6e379db4c.jpg,0.0625,-0.125,0.0625,0.25,0.0
11629172993_7c590d161a.jpg,0.3125,-0.0625,0.25,0.0,0.0625
5251437341_3ba9d2234d.jpg,0.0,0.25,0.0,0.125,0.375
3387316343_ec9463b53a.jpg,0.25,-0.25,0.0,0.0,0.125
9305867573_0e412d8ea5_b.jpg,0.0,0.0,0.0,0.0,0.0625
6957760986_98026b69be.jpg,0.0,0.0625,0.0625,0.0625,0.0
12938321063_26fb658581.jpg,0.375,-0.0625,0.0,0.0,0.0
3350164640_8ba77555ba.jpg,0.0,0.125,0.0,0.0,0.0625
2714681896_397c3e073a.jpg,0.25,0.0,0.0625,0.0625,0.0625
3627047286_db7cb89f17.jpg,0.0,0.0,0.0625,0.375,0.0625
470369927_95e87781fa.jpg,0.0,0.0,0.0,0.0,0.5
3403081036_dd020cf6aa.jpg,0.0,0.0625,0.0,0.0,0.0
6145338110_e8fef5e7c2.jpg,0.125,0.0625,0.0,0.0,0.125
191309105_97c7bf0620.jpg,0.3125,0.0,0.0,0.0625,0.0
27566107965_7ec1c9c7ed_b.jpg,0.0,0.0,0.0,0.0,0.0
10559743546_1e07e073c3.jpg,0.0,0.0625,0.0,0.0,0.0
3209582259_3702d5314c.jpg,0.0625,0.0,0.0,0.1875,0.0625
8125375075_a078b46d75_b.jpg,0.0,0.1875,0.0,0.0625,0.0
2917102302_9b38ed5fb1.jpg,0.3125,0.375,0.0625,0.25,0.0625
26943427983_5750d91902_b.jpg,0.25,0.4375,0.0,0.125,0.0
1775406673_6e250b774d.jpg,0.3125,-0.1875,0.0625,0.0625,0.375
9310062675_af618aae75_b.jpg,0.0625,0.0,0.0,0.0,0.0
6956673336_95ab25f150.jpg,0.25,0.0625,0.125,0.0625,0.0625
2436628124_76f0f00331.jpg,0.1875,0.0,0.0625,0.0,0.0625
5028895005_fd4cf2e35e.jpg,0.125,-0.1875,0.3125,0.0,0.0
307879848_d950f97cea.jpg,0.125,-0.0625,0.0625,0.0,0.0625
4870845435_2c87ec4f92.jpg,0.0625,0.0625,0.0,0.0,0.0
3670958836_7f0d8fca06.jpg,0.1875,0.1875,0.0625,0.0625,0.0
7335956458_87cf722316_b.jpg,0.3125,0.25,0.375,0.75,0.25
9310390766_2f2f43e0e5_b.jpg,0.0625,0.1875,0.0,0.125,0.0
10311493996_0154a9f08e.jpg,0.1875,-0.0625,0.0625,0.0,0.625
1498708562_239b86490f.jpg,0.25,-0.375,0.08333333333333333,0.5625,0.125
5850445751_7d06e56253.jpg,0.0,0.125,0.0,0.0,0.0625
2044378020_fb33d64a18.jpg,0.25,0.25,0.0,0.0,0.0625
865770532_2b5a6feb40.jpg,0.125,0.0,0.0625,0.0,0.0
9095068954_51d1bfa12f.jpg,0.375,-0.4166666666666667,0.0,0.0625,0.0625
10008072836_6731c7bc97.jpg,0.0,0.0625,0.0625,0.0,0.0
217135961_c94579b92c.jpg,0.625,0.25,0.4375,0.0,0.0
4981684754_229f687fb4_b.jpg,0.3125,0.0,0.0,0.0,0.0625
372793657_bb8e6f9854.jpg,0.0,0.0,0.0625,0.0,0.0
1900032629_bfff01589d_b.jpg,0.0,-0.0625,0.0,0.375,0.0625
3023970301_8164970fe0_b.jpg,0.1875,-0.6875,0.0,0.0625,0.0625
5590695498_0836bbe1c4.jpg,0.125,-1.0,0.0,0.0,0.625
7982595740_cef051a6d7_b.jpg,0.0625,0.25,0.1875,0.0,0.125
172009831_7a1cd69672.jpg,0.25,0.3125,0.1875,0.0,0.125
21005136343_351ffeae79_b.jpg,0.3125,0.5,0.0,0.0,0.0
5204925459_dc33185253.jpg,0.0625,-0.0625,0.0,0.0,0.0
122458913_a67c7d8194.jpg,0.125,0.0,0.0,0.375,0.0
6912190922_be5d83cbee.jpg,0.0,0.0,0.0,0.0,0.0625
3826073604_59d8812cef.jpg,0.1875,0.1875,0.0,0.0625,0.0
3907280218_904dbe4173.jpg,0.4375,-0.1875,0.0625,0.125,0.0625
9495726019_a8e7db9534.jpg,0.3125,-0.0625,0.0,0.0,0.0
2311928170_5b31d9211e.jpg,0.0625,-0.25,0.0,0.5,0.0625
4277780099_3f346d8c96_b.jpg,0.0,0.25,0.0,0.0,0.0
6462448621_8932cba1bf.jpg,0.0,0.375,0.0,0.0,0.0
4769074039_9258dd0797.jpg,0.4375,0.25,0.0,0.0,0.25
5133211664_6e5da96ea4.jpg,0.1875,-0.0625,0.0,0.0,0.0625
502236686_9a11330fa3.jpg,0.0625,0.0,0.0625,0.0625,0.0625
5064636456_45a0df290b.jpg,0.125,-0.25,0.0,0.0625,0.125
7808862564_4f0f11fc6e.jpg,0.0625,-0.0625,0.0625,0.0,0.125
5600141126_39a9b6be22.jpg,0.0,0.125,0.0,0.0,0.0
231025551_8f62075a2b.jpg,0.0625,-0.125,0.75,0.5625,0.0625
7961401250_6ee2ab71ee.jpg,0.0,0.0625,0.0,0.0,0.0
467573753_a28ce42a47.jpg,0.125,0.0625,0.0625,0.375,0.0625
237699707_a47da9f6ea.jpg,0.125,0.0625,0.0,0.0,0.0625
12240309945_88bc6afe08.jpg,0.0,-0.375,0.0,0.0,0.0
4754109080_a1d3486e05.jpg,0.0625,-0.0625,0.0,0.25,0.125
5775030706_a18bce9e4a.jpg,0.0,0.0625,0.125,0.0,0.0625
215913939_e11df43fe5.jpg,0.0,0.0,0.0625,0.75,0.0
4083846049_ef9f862602.jpg,0.125,-0.0625,0.0625,0.25,0.125
6878212794_2e9926fb4b.jpg,0.0625,-0.0625,0.0,0.0,0.0
5645966849_7ccd043808_b.jpg,0.375,-0.25,0.0,0.25,0.0
78636517_053e83dab5.jpg,0.0625,0.1875,0.125,0.0,0.8125
2481187497_5968a06860.jpg,0.0,-0.0625,0.75,0.0,0.0625
249335525_0e94a96323.jpg,0.0,0.0625,0.0625,0.0,0.0
6076283706_c87d3ab126.jpg,0.5625,-0.1875,0.1875,0.125,0.3125
30459188_408a7a570a.jpg,0.0,0.0625,0.0,0.0,0.0
3952938858_a6c7216031.jpg,0.25,-0.0625,0.4375,0.0,0.0
27474478421_203a713d84_b.jpg,0.125,-1.0,0.0,0.0,0.125
2884868905_5a243cf3be.jpg,0.1875,-0.25,0.25,0.0,0.125
713035367_0e5b14d665.jpg,0.25,0.0,0.0625,0.0,0.0
539104973_f896da8d33.jpg,0.1875,0.0,0.125,0.0,0.5
3672445591_d4c41ac4c4.jpg,0.0625,0.1875,0.75,0.0625,0.625
4235951766_a25a6f2136.jpg,0.125,-0.1875,0.625,0.0,0.0625
6250740756_b820ae1274.jpg,0.5625,-0.3125,0.0,0.125,0.0625
1732924702_b4beac1e52.jpg,0.3125,-0.1875,0.0,0.125,0.0625
5605652792_a7b40dbcef.jpg,0.0625,-1.0,0.1875,0.0,0.25
6918270997_a5e268afba.jpg,0.0625,0.1875,0.0625,0.0,0.0
8675374784_4fb23cd7ce.jpg,0.1875,-0.25,0.0625,0.0625,0.0
8106181922_7bd5a3aa73.jpg,0.0625,-0.6875,0.125,0.125,0.0
28171948_5ff9e5b118.jpg,0.0625,0.125,0.0625,0.0,0.0625
4345192495_2d9c14f0c3.jpg,0.0,-0.0625,0.0625,0.0,0.125
328610202_3980e6f369.jpg,0.0625,0.0625,0.1875,0.0,0.0625
4391473130_c96c2be012.jpg,0.0625,-0.0625,0.0,0.0,0.0
3003566615_627b9c7181.jpg,0.0625,0.0,0.0625,0.0,0.1875
8316490900_e19f0d68cd.jpg,0.125,0.375,0.1875,0.0,0.125
5835936505_91f9709ce8.jpg,0.125,0.1875,0.0,0.0,0.0625
2306867841_452afe779d.jpg,0.6875,-0.3125,0.0,0.0,0.0
3172368855_936b86a840.jpg,0.3125,-0.1875,0.0,0.1875,0.0
260446521_b7f233a105.jpg,0.375,0.0625,0.0,0.0,0.0
2791709326_e065d2521e.jpg,0.25,0.0625,0.0625,0.0625,0.0625
7141960711_06e5c8276a.jpg,0.0625,-0.0625,0.8125,0.0625,0.375
7748855518_e1749b270b.jpg,0.1875,-0.0625,0.0,0.0625,0.0625
13703911573_6356d32ab8_b.jpg,0.125,0.375,0.0625,0.0,0.0
225883636_9c8aef68f1.jpg,0.4375,-0.125,0.0625,0.0,0.0625
686112610_bb3f188db4.jpg,0.25,-0.0625,0.3125,0.5625,0.125
11952295736_9cccd6f61e.jpg,0.1875,0.1875,0.0625,0.375,0.0
6319921886_85969ce2e2.jpg,0.4375,0.4375,0.8333333333333334,0.0,0.0625
5816643953_9963ec08a5.jpg,0.1875,0.16666666666666666,0.3125,0.0,0.0625
3220606089_2463af3289.jpg,0.0625,-0.25,0.0625,0.1875,0.0625
3174708812_00567867a1.jpg,0.25,0.75,0.0,0.0,0.0625
6653455815_a33ca622de.jpg,0.0625,0.1875,0.0,0.0625,0.0625
13426554685_7a80730e8b.jpg,0.0,-0.125,0.0,0.4375,0.0
6859121265_44cc9105b5.jpg,0.125,-1.0,0.0,0.0,0.0625
27531697426_f548262976_b.jpg,0.0,0.4375,0.0,0.0,0.0
5392489648_ef303c899a.jpg,0.0625,-0.0625,0.0,0.0625,0.0
2890269902_b19245ff79.jpg,0.1875,0.0,0.0,0.0,0.0625
5645442269_9c162dd2f9_b.jpg,0.3125,0.6875,0.0,0.0625,0.0
867539652_32b502c0a1.jpg,0.0625,-0.125,0.0625,0.0,0.75
2104436229_e881c5a09c.jpg,0.5,-0.0625,0.0,0.125,0.125
14380782861_074d5ea8c8_b.jpg,0.0,0.375,0.0,0.0,0.0
4531240110_04db0588a8.jpg,0.0625,0.25,0.0,0.0,0.0
9801619435_1da7a2b94d.jpg,0.0625,-0.1875,0.25,0.0625,0.0625
76104405_8f88f607ee_b.jpg,0.0,0.0625,0.0,0.0625,0.0
5228193324_9605ab488b.jpg,0.0625,-0.1875,0.0625,0.4375,0.0625
2346975373_f181d9556a.jpg,0.5,0.125,0.0625,0.0,0.0625
2211660544_de5f6fe198.jpg,0.0,-1.0,0.0,0.1875,0.0
243776959_9e7e4963d8.jpg,0.0,0.4375,0.0625,0.125,0.125
4478144180_b3f3d881a4.jpg,0.125,0.0625,0.0,0.0,0.0
2232753817_42c2ed625e.jpg,0.0,0.0,0.0,0.0,0.0
5435695248_bb238a95eb.jpg,0.0625,-0.25,0.0,0.0,0.0
2215659529_2826c4a198.jpg,0.375,-0.0625,0.0,0.0625,0.0
20826263_dac22dedfc_b.jpg,0.1875,0.0,0.375,0.375,0.0625
398685059_7a02f707be.jpg,0.0,0.0,0.0,0.0,0.0
278831315_d5829afdd4.jpg,0.1875,-0.0625,0.0,0.375,0.4375
6278554739_14772a1bd3_b.jpg,0.125,0.8333333333333334,0.0,0.125,0.0
2630405056_8a8077cf84_b.jpg,0.3125,0.25,0.3125,0.0,0.0625
198466931_e4a3890310.jpg,0.0,0.0,0.0,0.0,0.0
8132294660_7cd6eddb61.jpg,0.3125,-0.25,0.0,0.0,0.125
225166164_edd87f81f9.jpg,0.3125,-0.4375,0.1875,0.0625,0.0625
3211800649_d684d431a3.jpg,0.5625,0.25,0.0,0.0,0.0
2761716953_d9c35fc73d.jpg,0.0625,0.1875,0.0,0.0,0.0625
4278787519_0db7da28b0.jpg,0.0625,-1.0,0.0,0.0,0.0625
4262380712_9a7fb5a4ac_b.jpg,0.0,0.0,0.0,0.0,0.0
5829527531_5220a5e707.jpg,0.0625,-0.125,0.0625,0.0625,0.0625
5773392336_c9bcc20784.jpg,0.125,-0.125,0.0,0.1875,0.0625
4515377676_8492ba3dd7.jpg,0.25,-0.25,0.0,0.0625,0.0625
4449696816_42b4ccce3b.jpg,0.25,0.5,0.5,0.0625,0.6875
21423605318_d0e0da5684_b.jpg,0.5,0.3125,0.1875,0.0,0.0
27462912102_af42f08d6f_b.jpg,0.125,0.375,0.0,0.125,0.0
4965650150_1654f09610.jpg,0.0,0.5,0.0,0.125,0.4375
5996169960_ed08cd932b.jpg,0.0,0.3125,0.0,0.0,0.0
187802788_41cd1f9c4b.jpg,0.125,-0.0625,0.125,0.0625,0.0
13751408_fa27388895.jpg,0.0,0.0625,0.0,0.0,0.5
1142073631_3bf36a043a.jpg,0.0,0.25,0.0625,0.0,0.0
8131930312_4b927f5ee9_b.jpg,0.0625,0.4375,0.0,0.0,0.0
6869743298_4b0976b1fc.jpg,0.0,0.125,0.0,0.0,0.0
4527415737_f54b52cb0c.jpg,0.0625,0.1875,0.0,0.125,0.0
391181242_24cf843bea.jpg,0.0625,-0.0625,0.0,0.0,0.8125
7774276456_f7e46d0318.jpg,0.0625,-0.0625,0.0,0.0,0.0
4129874084_9911973c93.jpg,0.1875,0.0625,0.1875,0.0,0.0625
3741403070_7ce2f559e1.jpg,0.125,-0.0625,0.0,0.0,0.0
27464801241_16d3490477_b.jpg,0.0625,-0.1875,0.0,0.25,0.0
5339319311_cf60599734.jpg,0.125,-0.125,0.0625,0.0,0.0625
244758301_21edda0ca6.jpg,0.0625,-1.0,0.1875,0.0,0.0625
4556319744_8b2393ea67.jpg,0.0625,0.4375,0.0625,0.0,0.0625
2642676348_5ba60e3ca2.jpg,0.0625,0.0,0.0,0.0,0.0
4857063582_01f246f0cf.jpg,0.0,0.0,0.0625,0.125,0.0
4757197968_131a30e39a.jpg,0.0625,-0.0625,0.0,0.0625,0.0625
5453402390_f4d0c08cd2.jpg,0.125,-0.25,0.1875,0.0,0.0625
7393665830_8b015375e9.jpg,0.0625,0.1875,0.0,0.0,0.0625
9408289064_30425f548c.jpg,0.9375,-0.3125,0.0,0.0,0.8333333333333334
3269951646_8ed761b9f6.jpg,0.5,-0.25,0.0625,0.375,0.0625
2725447647_235e2e6166.jpg,0.6875,-0.5,0.6875,0.0,0.0
5823552866_553d6c86a0.jpg,0.0,0.0,0.3125,0.0,0.125
7521355850_6e4b7bdcd0.jpg,0.125,-0.3125,0.0,0.5,0.0625
180580042_e73392117d.jpg,0.0,0.0,0.0,0.0,0.0625
7645722472_f5fda7d17a.jpg,0.0625,-0.1875,0.0,0.0,0.0625
4424306625_f6d7a7078c.jpg,0.0625,0.0,0.0625,0.0,0.0
653550089_a4d39ff638.jpg,0.125,0.125,0.0,0.0,0.0
2846341797_927f8c8793.jpg,0.4375,0.4375,0.0625,0.125,0.125
9311567130_08c44f2f3b_b.jpg,0.375,0.375,0.375,0.1875,0.25
378091949_12ae50b043.jpg,0.3125,0.75,0.3125,0.0,0.125
1263871694_311ecd4536.jpg,0.0625,0.0,0.0,0.0,0.0
4795782578_c6d8c52617.jpg,0.0625,0.0,0.0,0.0,0.0
2706982584_4ac76381c0.jpg,0.25,-0.375,0.25,0.8125,0.375
3670963062_822997c966.jpg,0.125,0.5,0.0,0.0,0.0
11046814273_3503c01482.jpg,0.3125,0.1875,0.0625,0.0,0.0625
9752900612_9b6b0f73ff.jpg,0.0625,0.0,0.0,0.0,0.0
949753851_8a40c0d5b8.jpg,0.125,-0.0625,0.0625,0.625,0.125
5263426812_3c4a86396e.jpg,0.125,-0.0625,0.0,0.0,0.0
6137258678_620fe0992e.jpg,0.125,0.1875,0.125,0.0,0.0
6411532719_22e0146234.jpg,0.0625,0.0,0.25,0.1875,0.125
5838904028_0d15693a86_b.jpg,0.3125,-1.0,0.875,0.5625,0.0625
3894622185_e0f4d18ea1.jpg,0.0625,0.25,0.0,0.0,0.0625
2780843486_78dacd3805.jpg,0.0,0.1875,0.0,0.0,0.0625
5138722302_8c1846de74.jpg,0.375,0.375,0.25,0.0625,0.0625
3765235497_1d78a62c3d.jpg,0.375,0.0,0.0625,0.4375,0.0625
7962728846_d01a387e8a_b.jpg,0.0,0.125,0.0,0.0,0.0
8480650462_d24636aeb1.jpg,0.125,0.0,0.125,0.0625,0.0
2352705625_5bf36714d3.jpg,0.375,-0.3125,0.0,0.5,0.4375
6085182004_240c7e7942.jpg,0.5,-0.25,0.0625,0.0,0.0
8652490736_3d5ebe8851.jpg,0.1875,-0.0625,0.0,0.0,0.0
2459125070_2a65be1182.jpg,0.125,-1.0,0.3125,0.5625,0.0625
3635449663_86061ba8b6.jpg,0.375,0.125,0.0,0.0,0.0625
4003807390_c5dc25f7eb.jpg,0.0625,0.1875,0.25,0.0625,0.0625
13542507104_30d4c1d304.jpg,0.125,0.0625,0.0,0.0625,0.0625
6950930754_56ea43e256.jpg,0.125,-0.0625,0.0,0.125,0.0625
7942939114_95f6bf4112.jpg,0.0625,-0.0625,0.0,0.0625,0.0625
6487469027_d1a140bef1.jpg,0.5625,-0.4375,0.0625,0.125,0.0625
9796927614_f6345fb181.jpg,0.0,0.25,0.0,0.0,0.0625
3205771957_64a1991bd8.jpg,0.125,0.125,0.0,0.0,0.0625
106282150_41368bda50_b.jpg,0.125,-0.375,0.1875,0.3125,0.0625
4852629209_f59a8e0af4.jpg,0.1875,0.0625,0.3125,0.125,0.0625
4653388846_c9ec6e0c6a.jpg,0.375,0.3125,0.0625,0.0,0.0625
917400914_57929d3699.jpg,0.125,0.0,0.0,0.0625,0.0
488551767_e7d0ebc04b.jpg,0.125,0.0625,0.0625,0.3125,0.0
410911253_ddff162433.jpg,0.0625,0.3125,0.4375,0.0,0.0
4709015186_b64c76b4bb.jpg,0.125,0.125,0.0,0.0,0.0
6364047553_9e309c0e3a.jpg,0.0,0.0625,0.0,0.0,0.0625
9536378053_745e7d2747.jpg,0.1875,-0.125,0.0,0.375,0.375
2124049086_a29a2ff147.jpg,0.0625,0.0,0.0,0.0,0.0
3491476943_099edce98a.jpg,0.0,-0.25,0.0,0.0,0.0625
8175156546_c50086e779.jpg,0.0,0.1875,0.0,0.0,0.0625
13122452215_a1bdc687c9_b.jpg,0.0,-0.25,0.0,0.0,0.0
6199083775_4b070e9902.jpg,0.25,-0.3125,0.625,0.4375,0.4375
139936674_70e68db34a_b.jpg,0.0,0.375,0.0625,0.0,0.0
735728883_20dae4f8b8.jpg,0.0625,-0.0625,0.0625,0.0,0.0625
5149737059_d714dbb060.jpg,0.125,0.0,0.0,0.0,0.625
3742279756_fe81365da7.jpg,0.125,-0.5,0.0,0.125,0.0
63285859_22da7e2f43.jpg,0.1875,-0.5625,0.125,0.125,0.0625
5644369058_b0386248d7.jpg,0.1875,0.125,0.0625,0.0,0.0
4015231083_b2ecd4b316_b.jpg,0.3125,0.25,0.8125,0.0,0.0
9952320975_1cb0e8eeac.jpg,0.3125,0.0625,0.0,0.0,0.0
250072898_5e53f7424b.jpg,0.0,0.0,0.1875,0.0,0.0
2098828256_0cb260a3a5.jpg,0.25,-0.0625,0.0625,0.0,0.0
7303372396_758dbe50d4.jpg,0.0,0.125,0.0,0.0625,0.3125
6090883462_24154f2bd4.jpg,0.125,0.125,0.125,0.0625,0.5
5152665342_f9e0c22e63.jpg,0.0625,-0.0625,0.0625,0.0,0.0625
6135189125_21bc288ffe.jpg,0.0,-0.375,0.0,0.0,0.0
3216421876_851d1996da.jpg,0.125,-0.125,0.0,0.0,0.0625
285553658_7fc1fbb977.jpg,0.1875,0.4375,0.0625,0.0,0.5
3865149855_b3209114ce.jpg,0.25,0.0,0.0625,0.0,0.0
5235186857_4c4608388f.jpg,0.25,0.0,0.25,0.0,0.0
118998034_73fbe554ec.jpg,0.25,0.125,0.0625,0.1875,0.125
9413169884_dd30afafec.jpg,0.375,-0.0625,0.0,0.0,0.0
7385893842_5a4e6222c7.jpg,0.1875,0.0625,0.0,0.0,0.5
5726920301_9ae348abbe.jpg,0.4375,0.0625,0.125,0.0,0.4375
8111655684_01a0fc9533.jpg,0.25,-0.125,0.6875,0.0,0.0625
4418956459_4dcf67db63.jpg,0.25,-0.3125,0.0,0.0625,0.0
530337577_687555dc21.jpg,0.0,0.1875,0.0,0.0625,0.0
9412322600_944f51f26f.jpg,0.0,0.0625,0.0,0.0,0.0
2621609020_b3c2a0d4b1.jpg,0.0,0.1875,0.0,0.0,0.0
3894577199_00dec5a3db.jpg,0.0625,0.0,0.0625,0.0,0.0
5126709930_9ed582ab45.jpg,0.25,0.0625,0.0,0.0,0.0625
8040136628_3742569a6f.jpg,0.125,-0.125,0.0625,0.0,0.0
2797783180_a1afe3cf24.jpg,0.1875,-0.125,0.125,0.3125,0.25
4342697068_32bfcc9800.jpg,0.5625,-0.4375,0.0,0.125,0.0625
13863854264_8b41139976.jpg,0.0,0.4375,0.0,0.0,0.0625
4672018308_58c4f6f257_b.jpg,0.5,0.6875,0.0,0.0,0.125
6656872123_3bd878d470.jpg,0.0625,0.0,0.0,0.0,0.0
2267858297_698cd0856a.jpg,0.0,-0.3125,0.0625,0.0,0.0
1219531138_0c5f7e100d.jpg,0.0625,0.0,0.1875,0.125,0.5
11794027465_a3757d6ab3.jpg,0.0,0.25,0.0,0.0,0.0625
426089988_ecdd0ce436_b.jpg,0.0,0.16666666666666666,0.0,0.0,0.0
4080547560_fa22641157.jpg,0.125,0.1875,0.0,0.0,0.0
4150956389_581293aeab.jpg,0.0,0.1875,0.0,0.0625,0.0625
342673801_dee2fdd513.jpg,0.5,0.0625,0.6875,0.0,0.625
106200842_5389147242_b.jpg,0.0625,0.0625,0.0625,0.0,0.0
37837997_9a0678ec69.jpg,0.25,-0.125,0.125,0.0,0.25
150865376_8120ddfe00.jpg,0.0,-0.0625,0.0,0.0,0.0
6479943043_36ea31872b.jpg,0.0,0.0,0.0,0.0,0.0625
2641118922_8625230266.jpg,0.375,-0.125,0.0625,0.0,0.1875
4925784546_f683d9433c.jpg,0.0625,0.0,0.0,0.4375,0.1875
9340852792_e4011eeed3.jpg,0.125,-0.0625,0.0625,0.0,0.0625
8516199788_10c50d862e.jpg,0.125,-0.25,0.0,0.3125,0.0625
319203276_ec1c2f73d1.jpg,0.4375,-0.25,0.4375,0.1875,0.125
9608788394_4bdf1c8d83.jpg,0.0,0.0625,0.0625,0.0,0.375
804979809_0a72c9c8d4.jpg,0.0625,-0.1875,0.125,0.25,0.0625
4830922090_7167d96235.jpg,0.0,0.1875,0.1875,0.0,0.0625
796276839_3f3d99dbbe.jpg,0.0625,-0.25,0.0,0.3125,0.0625
1034665472_73132d9bca.jpg,0.125,-0.0625,0.0625,0.25,0.0625
8132891831_8935a4ea81.jpg,0.125,0.0,0.125,0.0625,0.125
9488565907_3bd283000c.jpg,0.0625,0.125,0.0625,0.375,0.0
21646698061_3c7ba4ea60_b.jpg,0.0625,-1.0,0.0,0.0,0.0
6822691047_36de7d5ede.jpg,0.1875,-0.75,0.125,0.3125,0.125
3121427053_d37ebc01f7.jpg,0.125,-0.0625,0.375,0.0625,0.5
4869884082_6ae52a7b1a.jpg,0.25,0.0625,0.0625,0.125,0.1875
192148843_d7daa7838c.jpg,0.4375,-0.0625,0.0,0.0625,0.125
221699931_eda9454eca.jpg,0.0,0.375,0.0625,0.0,0.0625
2405026862_e306a98d53.jpg,0.125,0.0,0.0625,0.125,0.0
7333065698_b33d8ca100_b.jpg,0.0,0.1875,0.0,0.25,0.0625
8083418296_b1f58170c3.jpg,0.0,0.125,0.0625,0.0,0.0625
1481222256_7b3fc1d0bc.jpg,0.625,0.375,0.8125,0.1875,0.1875
3143335915_ac267e8869.jpg,0.1875,0.25,0.3125,0.4375,0.3125
2359962199_b3403e77eb_b.jpg,0.375,0.125,0.125,0.0,0.0
21005702623_d14221c9be_b.jpg,0.0625,0.4375,0.25,0.0,0.0
3924187878_4c7ef95e29.jpg,0.375,0.1875,0.0,0.0,0.25
7144794871_fc4c96c3b5.jpg,0.0625,-0.0625,0.0,0.0625,0.0625
4200440307_63664ecc8c.jpg,0.375,-0.0625,0.375,0.0,0.0
5844527755_51143ff5a1.jpg,0.25,0.0,0.0,0.0625,0.0625
6248254799_4cdaafd005.jpg,0.0625,0.125,0.0,0.0,0.0
3410570342_6cbe0d0b32.jpg,0.0625,0.0625,0.3125,0.0,0.25
2459633155_e7aa67e534.jpg,0.3125,0.1875,0.0625,0.0625,0.1875
93854737_26e0df01b9_b.jpg,0.1875,0.125,0.6875,0.0625,1.0
3116597043_2c1e566cff.jpg,0.0,0.125,0.0625,0.0,0.0
207861234_c5f1a766c5.jpg,0.625,0.4375,0.125,0.0625,0.125
540060694_ccfd875851.jpg,0.0,0.125,0.0,0.0,0.0
5674252196_4ba5fd5334.jpg,0.0,0.1875,0.0625,0.0,0.0625
103574954_a0f1054025.jpg,0.375,-0.25,0.16666666666666666,0.1875,0.0625
27286317120_93e5d7306b_b.jpg,0.0,0.375,0.0,0.0,0.0
21637928711_b6fcbf937a_b.jpg,0.0625,0.125,0.0625,0.0,0.0
2625438483_7822e415ec.jpg,0.0,0.0,0.0,0.0,0.375
268521918_1c8c3b409c.jpg,0.0,0.0625,0.5625,0.0,0.625
110192437_3903898977.jpg,0.0,0.0625,0.1875,0.125,0.0625
226313038_b518b18f1c.jpg,0.0625,0.3125,0.0,0.0,0.125
8276626373_d72e32ca2d.jpg,0.0625,-0.0625,0.0,0.0,0.0625
4718179045_8a147e5700.jpg,0.25,0.0,0.0,0.0,0.0625
319124493_373b8400f7.jpg,0.0,0.3125,0.0,0.0,0.0
2855953483_8858855142.jpg,0.0,0.1875,0.125,0.0,0.0
27522036416_299241195c_b.jpg,0.0625,0.25,0.0,0.0,0.0
3983531934_ff79f12cf4.jpg,0.125,-1.0,0.1875,0.0625,0.0625
477623297_2d5aa1baa0.jpg,0.125,-0.0625,0.0,0.0625,0.0
4755770327_8ff74bb674.jpg,0.0625,0.3125,0.0,0.0,0.0
4760615061_44a2a6708a.jpg,0.125,0.0625,0.125,0.0,0.0625
7617477312_e66c5bf51c.jpg,0.0,0.25,0.0,0.125,0.0
2627999629_02759a29d3_b.jpg,0.0625,0.3333333333333333,0.3125,0.0625,0.125
9125005694_d311cf2794.jpg,0.125,0.0,0.0625,0.0,0.0
5686191526_ff130178f0.jpg,0.0625,0.1875,0.0,0.0,0.0
268962941_6d122471e5.jpg,0.0,0.0625,0.0625,0.0,0.0
21436646820_34f96bec49_b.jpg,0.5625,-1.0,0.0,0.0,0.0
7967820226_c6290c354a_b.jpg,0.0625,-0.0625,0.0,0.0625,0.0
21504324484_b41ddcf989_b.jpg,0.125,-0.125,0.0,0.0,0.0
37065901_13fcea32a8.jpg,0.1875,0.0,0.0625,0.25,0.0
5131199467_b038505e94.jpg,0.0,0.25,0.0,0.0,0.0
20992843573_369028eba1_b.jpg,0.0,0.0625,0.0,0.0625,0.0
935367772_46accf9c32.jpg,0.0,-0.0625,0.0,0.0,0.0
3598591543_fc22be5f73.jpg,0.0,-1.0,0.0625,0.0,0.0
6415540623_a82e8c0574.jpg,0.3125,-0.5,0.0,0.0,0.0
2670939876_6f96dff602.jpg,0.125,0.125,0.0,0.0,0.0
7340267286_c11d9c4d5d.jpg,0.0,-0.0625,0.0625,0.0,0.0625
37077770_d26cf8adfe.jpg,0.25,0.25,0.1875,0.0625,0.0
5444875471_442f3723cb.jpg,0.125,-0.0625,0.0625,0.0,0.0625
27502603986_83de57a574_b.jpg,0.0,0.1875,0.1875,0.0,0.0
2937638484_61b000bc3e_b.jpg,0.0,0.125,0.0,0.0,0.0
4347331745_cdafa7db2c.jpg,0.125,0.125,0.125,0.25,0.375
3386384598_eef0bee316.jpg,0.125,0.0625,0.0,0.0,0.125
3713492191_75de042c78.jpg,0.1875,0.0625,0.0625,0.3125,0.0625
22884742217_2ce762085f_b.jpg,0.125,-0.0625,0.0625,0.0625,0.0
21629171535_e3c2f53deb_b.jpg,0.0625,0.125,0.125,0.0,0.0
7282781040_0f70ea5deb.jpg,0.0,0.25,0.0,0.0,0.0625
27560707275_3765591094_b.jpg,0.0,0.0625,0.0,0.0,0.0
8650971389_1801036bf6.jpg,0.0625,0.0,0.0,0.0625,0.0625
8119214839_500fd6a45d.jpg,0.625,-0.125,0.0,0.0,0.0
5457734067_e162d7b1ef_b.jpg,0.125,0.125,0.0625,0.0,0.0
15892476320_5e50e5edbf_b.jpg,0.0625,-0.0625,0.0,0.0,0.0
3059140823_272ea6be9e.jpg,0.0625,0.0,0.0,0.0,0.0625
11478478256_c781cae491.jpg,0.3125,-0.0625,0.125,0.0625,0.0
11549339216_f086e57093_b.jpg,0.25,0.4166666666666667,0.0,0.125,0.0
7001695873_b8abc4a691.jpg,0.0625,0.0,0.3125,0.0,0.0625
2732561404_f167b883e2.jpg,0.0625,0.125,0.0,0.0625,0.125
3073681845_8af849b599.jpg,0.25,-0.0625,0.25,0.125,0.0625
7329864592_e9dbd69105_b.jpg,0.0,0.125,0.0625,0.0,0.0
4303351794_5f1d0a5c18.jpg,0.0,0.125,0.0625,0.0,0.0
1071777373_7162460c1a.jpg,0.375,-0.375,0.0,0.0,0.0
3829648129_fed66a0bd1.jpg,0.25,0.375,0.3125,0.0,0.0
367059536_d4f3292e43.jpg,0.25,-0.1875,0.0,0.0625,0.0
3036044660_88c640fc20.jpg,0.0625,0.0625,0.0,0.0,0.0625
7259178566_abe598ba5c.jpg,0.0625,-0.0625,0.0625,0.0,0.0
4469392880_65eaabcefc.jpg,0.125,-0.0625,0.0,0.125,0.0
6089615209_5ec631920a.jpg,0.0625,-1.0,0.625,0.125,0.125
14596475375_0e7b91ee5f_b.jpg,0.25,-0.0625,0.0,0.0,0.0
2549116472_3fa5d3117e.jpg,0.1875,-0.5,0.0625,0.0,0.0
6132487296_b6afc2c4cf.jpg,0.0,-0.0625,0.0,0.0,0.0
129649602_02b41b8230.jpg,0.5625,0.4166666666666667,0.9375,0.0,0.5625
16075423285_1cbb4bcf0f_b.jpg,0.0,0.0,0.0,0.0,0.0
4965085819_6bfb674bfe.jpg,0.0625,0.3125,0.0625,0.0,0.0
1640535693_f8c75109d6.jpg,0.0,0.0,0.0,0.0,0.0
8615725659_c337166a46.jpg,0.0625,0.0,0.0625,0.0,0.0625
3764306243_04a25ed688.jpg,0.4375,0.0625,0.125,0.0,0.125
200524998_18045bdc28.jpg,0.25,-0.5,0.0625,0.0,0.0
3604587863_e695f8ab3c.jpg,0.0,0.1875,0.0625,0.0625,0.0625
9085162195_82fc539858.jpg,0.0625,-0.0625,0.0625,0.0,0.0625
8456404355_1d9d0d71c9.jpg,0.0625,-0.4375,0.0,0.1875,0.0
3869471414_f19fb2e69b.jpg,0.1875,-1.0,0.0,0.125,0.0
1857352990_9e031651a3.jpg,0.0625,0.0625,0.0,0.1875,0.0625
4765681382_4704bd4f71.jpg,0.25,0.125,0.1875,0.125,0.0625
1262896444_e4a9a5d2db.jpg,0.4375,-0.5,0.0,0.0625,0.0
5398558007_655100f664.jpg,0.25,-0.25,0.0,0.0625,0.0625
12568645103_8e8ed3b7a9.jpg,0.25,0.0625,0.125,0.0625,0.125
4546889656_df427af135.jpg,0.0625,0.125,0.0,0.0,0.0625
5132645835_d81cfcebb4.jpg,0.125,0.375,0.0,0.0,0.0
3382342346_669d1c9b2b.jpg,0.3125,-0.1875,0.0,0.1875,0.0625
5704842029_439024dd8d.jpg,0.0625,-0.125,0.0625,0.0,0.1875
8522879959_e4169b2e79.jpg,0.125,0.125,0.0625,0.0,0.1875
4949314683_6ff0d5d43a.jpg,0.1875,0.0,0.0,0.0,0.0
22653829144_164a798a75_b.jpg,0.0,0.0625,0.0,0.0625,0.0
13184021473_2a0fb1b4d9.jpg,0.1875,0.25,0.125,0.0,0.0
90854046_12d17e62ff.jpg,0.0,-0.125,0.0625,0.0,0.0
6933425347_2579714620.jpg,0.1875,0.0625,0.0,0.0,0.125
4351990145_22aef366a7.jpg,0.6875,0.25,0.0625,0.0,0.0
8128098190_42fc3e2148.jpg,0.0625,0.0625,0.0,0.0,0.0625
4739184277_279e446525.jpg,0.0625,0.1875,0.0,0.0625,0.0625
7425219970_fb7e407ef7.jpg,0.0625,0.0,0.125,0.0,0.125
6115959706_15b0794409.jpg,0.125,-0.3125,0.0,0.0,0.0
7297840490_2f41e34163.jpg,0.0625,-0.1875,0.0,0.0625,0.0
4268011093_ef22e8b041.jpg,0.0,0.0625,0.0,0.125,0.0
1797654830_865e32ec5e.jpg,0.1875,-0.0625,0.1875,0.0,0.0625
210983731_88d1a9d0d8.jpg,0.1875,-0.125,0.1875,0.0,0.0625
2666967437_2b7352480f.jpg,0.0,0.1875,0.0,0.0,0.625
14600861275_ef673752f1_b.jpg,0.4375,0.3125,0.125,0.0,0.0
3211793267_cd65452008.jpg,0.3125,0.25,0.0625,0.125,0.0625
198494319_1759aca243.jpg,0.4375,-0.1875,0.125,0.0,0.9375
2052602325_cbb6c21de8.jpg,0.0625,-0.125,0.0625,0.0,0.0
3022236077_e16ef5b520_b.jpg,0.0,0.625,0.0,0.0,0.0
3005208621_6a9690e0ce.jpg,0.125,0.0,0.1875,0.125,0.0625
5008189635_94fbd32814.jpg,0.125,-0.5,0.0,0.125,0.0625
6290855201_328577873e.jpg,0.125,-0.125,0.0,0.0,0.0625
770673810_0be24dc26c.jpg,0.125,-0.0625,0.1875,0.0,0.1875
11678306555_88debf8483.jpg,0.125,-0.4375,0.1875,0.1875,0.0625
13939669274_196b05a986.jpg,0.1875,-0.125,0.125,0.0,0.125
3583156695_7f5679b1ea.jpg,0.3125,-0.1875,0.0,0.0,0.0
3801221212_b47721eb47.jpg,0.0625,0.1875,0.0,0.0,0.1875
6087608250_385a21528e_b.jpg,0.1875,0.3125,0.0,0.0625,0.125
2542670291_6180b8a0ed.jpg,0.125,0.0625,0.0,0.0625,0.0625
1675705515_66d9162c11.jpg,0.625,-0.1875,0.0,0.0,0.0
9351408488_521a5cbf47.jpg,0.0,-0.375,0.0625,0.0,0.0
3442884825_aca8248ab0.jpg,0.0,0.0,0.0,0.125,0.0625
2094211906_e96625072f.jpg,0.1875,0.0625,0.0625,0.0625,0.0
3525605266_09bb585bd1.jpg,0.0625,0.0625,0.0,0.0625,0.0
3211643999_427296aa72.jpg,0.25,-0.08333333333333333,0.0,0.0,0.0
6331603864_caaeba4bc9.jpg,0.0625,0.125,0.0,0.0,0.0625
12640268055_9018f749f3.jpg,0.1875,0.0,0.0,0.0,0.0
2710860379_937dac12c6.jpg,0.0625,0.0625,0.125,0.0,0.5
9867876453_dea10218e0.jpg,0.125,0.125,0.0,0.0,0.0
5504827922_d6f2050d00.jpg,0.0,0.0,0.0625,0.125,0.0625
14360160886_6b4a5a8c30_b.jpg,0.25,0.25,0.0,0.125,0.0
3683839126_0e9d43e109.jpg,0.4375,-0.1875,0.0,0.0625,0.5625
1096975277_e4f5b27d3e.jpg,0.0,0.125,0.0,0.0,0.0
13124204364_c41665aee8_b.jpg,0.0,-0.125,0.0,0.0,0.0
7984482407_209965be16_b.jpg,0.3125,0.0625,0.0,0.0,0.0
5971515240_6755eea899.jpg,0.125,0.125,0.0,0.0,0.0
2732214189_a62b98b376.jpg,0.0625,0.25,0.3125,0.0,0.0625
5164103096_8e4e2be145.jpg,0.0625,-0.125,0.625,0.0625,0.1875
3499455399_06457b8df7.jpg,0.25,0.1875,0.5625,0.0,0.25
3727796452_86b2f48cf0.jpg,0.125,0.125,0.0625,0.0,0.125
4405673429_91fa88632f.jpg,0.25,0.25,0.0,0.0,0.25
3215802081_a2dc52d7ba.jpg,0.125,-0.25,0.0,0.0625,0.0
2781941481_1b1221924c.jpg,0.5625,0.0,0.3125,0.0625,0.5625
21611198975_ee278c9067_b.jpg,0.0,0.125,0.0,0.0,0.0
3850228287_f80ca26885.jpg,0.1875,-1.0,0.0,0.0625,0.1875
483479442_d013a2cd15_b.jpg,0.125,0.4375,0.0,0.0,0.25
13888642153_3974d16d8f.jpg,0.0625,0.0,0.0625,0.0,0.1875
5605321258_93d1547145.jpg,0.3125,0.125,0.25,0.0,0.0
4607472567_a482d0a183_b.jpg,0.0,0.0625,0.125,0.0,0.0
9286227500_b4e1a69825.jpg,0.25,-0.25,0.0,0.0,0.0
5294027152_3e17578b49.jpg,0.1875,0.3333333333333333,0.0625,0.1875,0.0625
11154509336_492207a993.jpg,0.25,-1.0,0.0625,0.375,0.0625
3158273421_3ebf9083f8.jpg,0.375,-0.0625,0.0625,0.0,0.0
4687901518_2a6fd1dd24.jpg,0.125,0.0625,0.0,0.0625,0.0625
8245825618_1bceaa0de3.jpg,0.0,0.0,0.0,0.0,0.0
2080053057_19f713bd1c.jpg,0.1875,0.3125,0.375,0.0,0.0625
5588186497_537b553837.jpg,0.3125,0.1875,0.0,0.0,0.125
22976722290_02d8d25627_b.jpg,0.0,0.1875,0.0625,0.0,0.0
6341179138_1c2f01a964.jpg,0.5625,0.25,0.0,0.0,0.0625
4484359189_c8f1586679.jpg,0.1875,0.0625,0.0625,0.75,0.0625
3786418123_18d30f5327_b.jpg,0.0,0.5,0.0625,0.125,0.0
126213796_2c3a8282a9.jpg,0.0625,0.1875,0.0625,0.1875,0.4375
3913231111_1d63f23493.jpg,0.0,-0.125,0.0,0.0625,0.0
3455258241_c9c1b17d8f.jpg,0.0,0.0,0.0625,0.0,0.0
3715748978_743583e11d.jpg,0.125,0.0625,0.0,0.0,0.125
2863883030_2626a7d85e.jpg,0.125,-0.125,0.0625,0.0,0.0
5654600452_05be1fdca6.jpg,0.0625,0.0625,0.0,0.0625,0.1875
3727770949_7f289f1865.jpg,0.3125,-0.0625,0.0,0.0625,0.0625
155439383_5ffbb47742.jpg,0.125,0.0625,0.0625,0.0,0.0
10841266095_3e04205fd6.jpg,0.3125,-0.0625,0.0,0.0,0.0
209056783_48dd0a9731.jpg,0.0625,-0.125,0.0625,0.0,0.0625
2285230555_ef76b1c17d.jpg,0.625,0.0625,0.0,0.0,0.0
4213987589_1c8f446a0b.jpg,0.375,-0.1875,0.0625,0.0,0.0
8105213566_6f4e335677.jpg,0.25,0.0,0.125,0.0625,0.125
5627637701_cbe1a22993.jpg,0.0,-0.0625,0.0,0.0,0.1875
4474639162_a367380426.jpg,0.0625,-0.0625,0.0625,0.0,0.0625
142370663_39d3eda60d.jpg,0.25,-0.0625,0.125,0.0,0.1875
6871658088_37043c77c2.jpg,0.125,0.4375,0.625,0.0,0.0
26954947283_61b9b3c8d2_b.jpg,0.0,0.4375,0.0,0.0,0.0
3769411886_03f784cd75.jpg,0.0,0.0625,0.0625,0.0,0.0
351158989_61e5dc3401.jpg,0.125,-0.1875,0.0,0.25,0.0
145331355_2fb7e99ca4_b.jpg,0.5,0.0,0.0625,0.3125,0.3125
6195531029_94f2da3306.jpg,0.0625,0.0,0.0,0.0625,0.0
3553504911_a5d1134857.jpg,0.4375,0.0625,0.625,0.0,0.25
4993360491_6b7cf61861.jpg,0.125,-0.0625,0.0,0.0,0.0625
13888538021_d61d7dfaff.jpg,0.3125,0.0,0.375,0.0625,0.25
367062855_1e3293ad2e.jpg,0.375,-0.0625,0.0,0.0625,0.0
6852557651_39274cc0a5.jpg,0.125,0.0,0.0625,0.0,0.0625
27481251251_d9dc79684a_b.jpg,0.0,-1.0,0.8125,0.5,0.125
27472318581_5fc0cc186d_b.jpg,0.25,0.1875,0.0,0.125,0.0
848983550_a01983bf72.jpg,0.1875,-0.5,0.0,0.75,0.0625
142526972_c848dec19c.jpg,0.0625,0.0625,0.0,0.0,0.0
5542376609_582c879924.jpg,0.1875,0.125,0.125,0.0,0.5
3412044442_2b2f879e0d.jpg,0.375,0.0,0.1875,0.125,0.0625
2464093076_b56a2c2dee.jpg,0.125,0.1875,0.0,0.0,0.0
86202481_85df277dcc_b.jpg,0.0625,-0.9375,0.0,0.0,0.0
5166947313_fee669a9b9.jpg,0.0625,-0.1875,0.0,0.0625,0.0
5058650544_9c4144a4d1.jpg,0.25,-0.125,0.0,0.25,0.0
5395487899_c8137c8dc4.jpg,0.125,0.0,0.0,0.0625,0.0
341976491_ad7620c5b3.jpg,0.25,0.3125,0.0,0.0,0.0
10477945606_079a26a884.jpg,0.0,0.3125,0.0625,0.0,0.125
9336714090_f67a8a3ffb.jpg,0.0,0.0625,0.3125,0.0,0.0625
2668952040_2fae717c01_b.jpg,0.0,-1.0,0.0625,0.0,0.0625
8660284510_30ec1f4414.jpg,0.0,-0.3125,0.0,0.0,0.0
2671528898_12df4f1c9e_b.jpg,0.125,0.125,0.0,0.0,1.0
3746159219_ea6c00e6da.jpg,0.25,0.5625,0.125,0.0625,0.3125
9151427644_bac3da9fff.jpg,0.1875,0.0,0.0,0.0625,0.0625
435078792_26c7af2cc8.jpg,0.375,0.125,0.0,0.0,0.0625
312681161_9f87f7d2d8.jpg,0.6875,0.5,0.8125,0.0,0.1875
13879454123_58a4591c9e.jpg,0.5,-0.375,0.5,0.0,0.1875
3859566217_f23953403c.jpg,0.1875,-0.125,0.0,0.125,0.0625
5138788628_be2b8a7beb.jpg,0.0625,-0.125,0.125,0.0625,0.8125
3603327923_44258dfc6a.jpg,0.0,0.0625,0.0,0.0,0.0
4892122803_99904d77f4.jpg,0.0625,-0.0625,0.0625,0.0,0.125
2363378032_a107e8da41_b.jpg,0.1875,-0.3125,0.4375,0.0,0.25
11550765884_ffeaa4d33f_b.jpg,0.0,0.25,0.0,0.0,0.0
571486685_3c4a814cbd.jpg,0.0,0.0,0.0,0.0,0.0
3454854614_b08f593f1a.jpg,0.0625,0.1875,0.0,0.0,0.0
3203381551_1643b8829d.jpg,0.125,-0.3125,0.0,0.0625,0.0625
4489795076_fcf07282f3.jpg,0.0625,0.0,0.0,0.0,0.0
6209281309_5d77e60c25.jpg,0.125,-1.0,0.0,0.0,0.0
483059485_823c763ddd_b.jpg,0.4375,-1.0,0.125,0.1875,0.125
9339017990_d892a4b723.jpg,0.0625,0.375,0.0,0.0,0.25
3612414643_05aed14d4f.jpg,0.3125,0.0625,0.0,0.0,0.0625
8557065151_cf5675fca5_b.jpg,0.1875,-0.125,0.0,0.125,0.0
27287854700_889941fea2_b.jpg,0.0625,-0.1875,0.0,0.0,0.0
6397861653_208d2dbb85_b.jpg,0.3125,0.5625,0.125,0.0,0.0
27526535826_87b3b3ac99_b.jpg,0.0,0.0,0.0,0.0,0.0
4802197506_99bd94b53c.jpg,0.0,0.0625,0.0,0.0,0.0
231622099_c4d92b91a4.jpg,0.375,0.5,0.0625,0.125,0.0625
8404046923_66a0b4f27e_b.jpg,0.1875,-0.125,0.0,0.0,0.0625
3365993203_6e605ab574.jpg,0.1875,0.3125,0.6875,0.0,0.0625
3658166282_cd9b6ea649.jpg,0.375,0.0625,0.0,0.0625,0.375
2315194796_2f0e372bf5.jpg,0.3125,-0.0625,0.125,0.0625,0.0
27563197845_9c970098bd_b.jpg,0.0,0.1875,0.0,0.0,0.0
2668771442_852b77d415_b.jpg,0.0625,-0.0625,0.125,0.0,0.0
4747913659_158b647d9e.jpg,0.0625,-0.0625,0.0,0.0625,0.0
963307705_56debc54c3.jpg,0.125,-0.25,0.0,0.0,0.0625
2669310459_4cd04b4b18.jpg,0.0,0.125,0.3125,0.0,0.0
2469845249_79bc3b2d9a.jpg,0.0625,0.0625,0.0,0.0,0.0
4967316079_bf63951806_b.jpg,0.1875,-0.875,0.0,0.125,0.0
2953811595_ddaa63be37.jpg,0.0,0.0625,0.0,0.0,0.0625
505373922_e95c6a0157.jpg,0.0625,0.0625,0.0,0.0,0.0
3674551332_10f5dea57c.jpg,0.3125,0.4375,0.5,0.0625,0.25
3912109205_04987eccd3.jpg,0.125,-0.16666666666666666,0.0625,0.0,0.0625
776807804_ebbd860e81.jpg,0.1875,0.25,0.0,0.1875,0.0625
8131872781_6edc5f1f45_b.jpg,0.0625,0.25,0.0,0.3125,0.0625
2686251521_b2e018ede8.jpg,0.5625,0.3125,0.0,0.0,0.5
6248899138_7820aca78c.jpg,0.5,0.4375,0.25,0.0625,0.625
2906313520_e3d8012b5c.jpg,0.0,0.1875,0.0,0.0,0.0
7882435280_b075d8a946.jpg,0.25,0.0,0.0,0.0,0.0625
2944874961_3cd821977f.jpg,0.25,-0.25,0.0625,0.125,0.0625
8362855934_7867c70e47.jpg,0.0625,0.1875,0.0,0.0,0.0625
6933980342_f19b00ca41.jpg,0.625,0.5,0.75,0.0,0.125
3573820306_70f9741b6d.jpg,0.375,0.0625,0.0625,0.0625,0.0
170048652_f3e3f0fb2e.jpg,0.3125,0.1875,0.0625,0.0,0.0
2984713226_d23ef2a5f4.jpg,0.5625,0.5625,0.0,0.125,0.0625
8290489958_dd1eeb4b1b.jpg,0.1875,-0.25,0.0,0.3125,0.0625
5898285731_f32f7e1ac2.jpg,0.0,0.0,0.0,0.0,0.0
8409260499_6b97cf06c0.jpg,0.125,-0.25,0.125,0.375,0.0625
5194133256_1e55938294.jpg,0.125,0.0625,0.0,0.0625,0.0625
3256165815_31a3e4a022.jpg,0.0625,-0.125,0.0625,0.0,0.5
4435956790_f84217c9f7.jpg,0.0625,0.0,0.3125,0.0,0.125
7542240008_1943dc15c0.jpg,0.25,-0.9375,0.625,0.625,0.0625
7961749908_a5e8b54a15_b.jpg,0.0625,-0.0625,0.0,0.0,0.0
387557637_83e2c930c8.jpg,0.0,-0.0625,0.0,0.0,0.1875
341061210_c1501eadd4.jpg,0.3125,0.25,0.375,0.0,0.125
13131515084_9f72c4746d_b.jpg,0.0,0.125,0.0,0.1875,0.0625
6358506961_d18bb90b16.jpg,0.0,0.125,0.0,0.0,0.0625
8697494144_390030d4cf.jpg,0.125,-0.1875,0.0,0.4375,0.625
5413132526_bf579ef193.jpg,0.4375,-0.375,0.3125,0.25,0.0625
10362903276_42b9baacce_b.jpg,0.0,-1.0,0.0,0.0,0.0
3420055525_da9fe938b3.jpg,0.1875,-0.125,0.0625,0.0625,0.0
8323766401_d8f17623ac.jpg,0.0,0.0,0.0625,0.0,0.125
6090955828_2418a85e74.jpg,0.3125,0.25,0.0625,0.0,0.0
2883434007_9864a7eb19_b.jpg,0.0625,0.375,0.0,0.1875,0.125
6828388722_49478954d8.jpg,0.0625,0.0,0.0,0.0,0.0625
16076293901_0f2441d5ae_b.jpg,0.0625,0.1875,0.0,0.25,0.0625
12918137014_5ee203c77e.jpg,0.5625,-0.4375,0.0625,0.125,0.4375
5800792085_003aabb869.jpg,0.125,0.0,0.0,0.0,0.0
1480590664_3cf089b9b2.jpg,0.0625,-0.125,0.25,0.0,0.6875
4968430472_0599de704d_b.jpg,0.5,0.75,0.375,0.0,0.0625
7429143288_e43ded2d09.jpg,0.0625,0.0,0.0,0.125,0.0
4173527320_73f7b5cf1b.jpg,0.0625,0.25,0.0,0.0,0.0
2099808070_1aeb88b308.jpg,0.625,0.5625,0.4375,0.4375,0.125
6422703069_f7bbe09133.jpg,0.5,-0.375,0.1875,0.5625,0.125
7020060299_3a023e113d.jpg,0.5,-1.0,0.3125,0.0,0.1875
2234373890_be5fc71f33.jpg,0.0,0.0,0.0,0.125,0.0
1432414237_df6298c0b8.jpg,0.0625,0.25,0.0625,0.0,0.0
555536039_1c95f4b0cc.jpg,0.0625,-0.0625,0.0625,0.0,0.0625
307691261_441f7f1f44.jpg,0.0625,0.0,0.0,0.25,0.0
4115083059_3544f97ae6.jpg,0.5,0.125,0.0625,0.0625,0.0625
7246710402_ecce6f1b4e.jpg,0.0,-0.0625,0.0,0.0625,0.25
3180280056_bef6f7def8.jpg,0.125,-0.25,0.0,0.6875,0.125
3710402918_1df1c817b0.jpg,0.0,-0.375,0.0,0.0,0.0625
2245251969_286d628ca8.jpg,0.125,0.5,0.0,0.0,0.25
3906227371_1d0d021422.jpg,0.0625,0.125,0.0625,0.125,0.0
3636386766_eaa034120a.jpg,0.0,0.25,0.0,0.0,0.0
5435136540_bfa893d075.jpg,0.3125,-0.125,0.0625,0.0,0.125
13703058744_df98969da7.jpg,0.1875,0.0625,0.0,0.0,0.0
13891800772_a5997c1bcb.jpg,0.0,-0.0625,0.0,0.0,0.0
3187988402_96b1628363.jpg,0.875,0.3125,0.0625,0.0,0.0
9286051029_e51d15e2b1.jpg,0.25,0.1875,0.125,0.0,0.0625
8695896164_d9087a3b07.jpg,0.0625,0.0,0.0,0.0,0.0
3581102928_323a5d0b2e.jpg,0.0,-0.0625,0.0625,0.0,0.0
1576828819_6fb2d4c02d.jpg,0.0,-0.125,0.0,0.0,0.625
2519660724_baa402f5ed.jpg,0.1875,0.0625,0.0,0.0,0.0
1065952847_aa1e9b9db4.jpg,0.125,0.125,0.0,0.0,0.0625
8131172649_4b54504e46_b.jpg,0.1875,-0.25,0.0,0.125,0.0625
2810495922_0e4daa425a.jpg,0.1875,0.0,0.0,0.0625,0.0
11913178266_349b0b1538.jpg,0.1875,0.3125,0.0625,0.125,0.0
139854614_0068c48763_b.jpg,0.0625,-1.0,0.0,0.0,0.0
479107864_cfae216567.jpg,0.3125,0.0625,0.0625,0.0,0.0625
3004223722_a8261e9bec.jpg,0.3125,-0.25,0.0,0.0,0.0625
8405912865_d9ee6d4188_b.jpg,0.0,-0.25,0.0625,0.125,0.0
5341698306_f14fc7a1c9.jpg,0.125,0.0,0.0,0.0625,0.0625
3796259079_ed4662c4fa.jpg,0.0625,-0.125,0.0,0.0625,0.1875
10516874705_ca5ed1c15f.jpg,0.0625,0.3125,0.25,0.0,0.0
4753801161_367cac476d.jpg,0.125,0.125,0.0,0.0,0.0
544552226_f81e422d04.jpg,0.5,0.25,0.25,0.0,0.6875
5019040877_9f0cc10022.jpg,0.4375,0.1875,0.0,0.125,0.0625
11550570364_d61f9cb95f_b.jpg,0.1875,0.3333333333333333,0.0,0.0,0.1875
5575170650_5648020fe5.jpg,0.0,-0.125,0.0,0.0,0.1875
2114456575_1a10d89520.jpg,0.0625,-0.0625,0.125,0.0625,0.0
5131091326_e264a69fce.jpg,0.0625,0.0625,0.0,0.0,0.0625
13796260605_6e8cd89cb5.jpg,0.25,-0.5,0.0,0.1875,0.6875
6880340679_ff81e00eef.jpg,0.125,-0.1875,0.0625,0.0625,0.125
8146013437_5e4921713f.jpg,0.125,-0.125,0.0,0.0,0.0
3781545593_17965f7ea8.jpg,0.0625,0.0,0.0625,0.0625,0.0
2483438315_54c1fbb3d6.jpg,0.0,-0.4375,0.125,0.0,0.3125
6189533218_ebc49c8893.jpg,0.0,0.0625,0.0625,0.0,0.3125
2523736376_05cfef59ab.jpg,0.25,0.125,0.125,0.0625,0.0
8586663430_0d352c83a9.jpg,0.0625,0.0625,0.0625,0.0,0.625
5840803175_eae6a718ef_b.jpg,0.0625,-0.0625,0.0,0.0,0.0
3973029625_c78598cfd1.jpg,0.4375,-0.125,0.0,0.0625,0.0
13708654485_f5247a0f4e_b.jpg,0.125,0.375,0.1875,0.5,0.0625
157042429_d461fed861.jpg,0.0,-0.0625,0.125,0.0,0.0625
4156524318_f7f7eb289b.jpg,0.0,0.125,0.0,0.0,0.0
7886763184_3cb5d69d58.jpg,0.125,0.0625,0.125,0.0625,0.125
3033434529_aac1d6fd28.jpg,0.5,-0.0625,0.0625,0.375,0.625
3245727869_d8fb26074a.jpg,0.0625,-0.0625,0.0,0.0,0.0625
496265702_4c11c10909.jpg,0.375,-0.1875,0.0,0.0625,0.0625
3055588689_e1c0355bc0.jpg,0.125,-0.0625,0.0,0.0,0.0
41756669_6e4d8a3778.jpg,0.0625,-0.0625,0.125,0.0625,0.375
21425597390_9b46314029_b.jpg,0.0625,0.0,0.0,0.25,0.0
2768522174_764b20181f.jpg,0.0,0.1875,0.0,0.0,0.0
4003004205_873907c00d.jpg,0.0,0.0625,0.125,0.0,0.0
2193762577_ab09379447.jpg,0.25,0.0625,0.0625,0.0,0.5
6075758467_397779c109.jpg,0.1875,0.0,0.0,0.0,0.0625
8646096554_a628155f7a.jpg,0.1875,0.3125,0.25,0.0,0.25
6170923129_bce7bf6595.jpg,0.125,0.0,0.0625,0.0625,0.0625
3174534477_07cb052d07.jpg,0.125,-0.16666666666666666,0.0,0.125,0.0625
8151070615_fc492bb412.jpg,0.125,-0.1875,0.0,0.125,0.0625
352655552_c2b8704a0f.jpg,0.0625,-0.0625,0.125,0.375,0.0
1614501978_eab267b545.jpg,0.1875,0.125,0.0,0.0625,0.0
8941440002_e8a48f144c.jpg,0.5625,0.0625,0.6875,0.1875,0.6875
264621986_5978c72f47.jpg,0.0625,0.0,0.0,0.0,0.0625
4526038950_3e0452273c.jpg,0.125,0.125,0.0,0.0,0.0
27466430841_9bc2ea2666_b.jpg,0.3125,-0.125,0.0,0.0,0.5
241041876_6ec59f8a43.jpg,0.4375,0.0,0.25,0.0,0.0625
5676074725_05f76e84ab.jpg,0.25,-0.25,0.0,0.0625,0.0
3300723808_0a0744fc07.jpg,0.3125,-0.1875,0.0625,0.0,0.0
4968389425_0292bfd7c0_b.jpg,0.125,0.0625,0.1875,0.0,0.0625
3856324915_645c4baef7.jpg,0.125,-0.125,0.0625,0.0625,0.25
561315930_ec2b847b8e.jpg,0.25,0.0,0.125,0.0,0.125
2715742051_1e03184a42.jpg,0.0625,0.0625,0.0,0.125,0.0
3748577234_9d4c4f28ba.jpg,0.0,0.3125,0.125,0.0,0.0
4323904676_97b7257570.jpg,0.0,0.25,0.0625,0.0,0.0625
4257712205_433e9a654f.jpg,0.125,0.25,0.0,0.0625,0.0
6297167464_1b253dfc08.jpg,0.0625,-0.1875,0.0,0.0,0.0
505438376_a86eafb0e2.jpg,0.125,-0.1875,0.0625,0.3125,0.0625
7773582828_6ed025fbe2.jpg,0.0625,0.0,0.0,0.4375,0.3125
9555144385_515bed90ff.jpg,0.0,0.0625,0.0,0.0,0.125
8266662050_c69308745d.jpg,0.1875,-0.0625,0.125,0.0625,0.0625
6653279653_95aa41ac87.jpg,0.125,0.0,0.0625,0.0625,0.0625
3726531781_59d49f74b3.jpg,0.8125,-0.25,0.0625,0.125,0.0625
1877274414_0a62f31c85.jpg,0.125,-1.0,0.0,0.0625,0.0625
2046139721_22ebaf3f40.jpg,0.0625,-0.125,0.0,0.0,0.0625
4225770369_22c01d763a.jpg,0.0,0.25,0.125,0.0,0.0
831692573_e5e0b809f5.jpg,0.0625,-0.5,0.0,0.3125,0.0625
4935751237_12f613db00.jpg,0.0,0.125,0.0625,0.0,0.0625
447866564_d6db17ee17.jpg,0.1875,-0.3125,0.1875,0.0625,0.0625
4935354495_745cf12ec9.jpg,0.125,-0.1875,0.0,0.0625,0.0
2918729560_494dcb2131.jpg,0.125,-0.0625,0.0,0.0625,0.0625
2558146069_ec4dc69cda.jpg,0.0,0.0625,0.0625,0.0625,0.0
248536529_73c6a25b24.jpg,0.0,0.0625,0.1875,0.0,0.0
13688194473_5665845518_b.jpg,0.0625,-0.375,0.0,0.125,0.0
2441266394_3cc2f40cc9_b.jpg,0.125,-1.0,0.16666666666666666,0.0,0.0625
9030284436_531f4c5444.jpg,0.0625,-0.0625,0.1875,0.0,0.0
3016670858_d1971b7585.jpg,0.0,0.125,0.0625,0.0,0.0625
6068306398_8c88acb165.jpg,0.125,0.0,0.0625,0.125,0.0625
5311519406_bf07409a45.jpg,0.5,-0.1875,0.125,0.5,0.5625
5634826970_1af16b7910.jpg,0.4375,0.0,0.0,0.0,0.1875
5486905829_31bf6e2d09.jpg,0.125,-1.0,0.3125,0.0,0.0
8995709784_7ffcc1b9c9.jpg,0.0,0.1875,0.0,0.0,0.0625
7542237142_3d0efbfc25.jpg,0.125,0.0,0.125,0.125,0.0
3716682694_bf948c8878.jpg,0.0,-0.0625,0.0,0.0,0.0
2581958969_396f8840c1.jpg,0.125,0.25,0.0625,0.0625,0.625
106424134_a2c7193baa_b.jpg,0.0,-0.125,0.25,0.0,0.0
6871608224_eb1e988d3e.jpg,0.125,0.0625,0.0625,0.0,0.0625
2881465932_d9ecf86bc2.jpg,0.375,-0.0625,0.0,0.1875,0.125
3572433460_f0453b4663.jpg,0.0,0.0,0.125,0.0625,0.0625
239066330_cacc85fbd3.jpg,0.3125,-0.0625,0.0,0.0,0.25
21434797408_315e07dc8f_b.jpg,0.125,-0.3333333333333333,0.0,0.0625,0.0
5090287122_2ce275b773.jpg,0.125,0.1875,0.0,0.0,0.0
11537905935_356a321ce3.jpg,0.75,0.25,0.0,0.0625,0.0
2580765287_674ff81f1f.jpg,0.375,-0.125,0.0,0.0625,0.0625
4513457831_114445a556.jpg,0.25,-0.1875,0.0,0.0,0.0625
3729049166_d472610927.jpg,0.375,-0.0625,0.0625,0.375,0.0625
3938116492_cfe117b2ab.jpg,0.1875,0.0,0.0625,0.0,0.0
2834512298_b3872377a4.jpg,0.0625,0.0625,0.0,0.0,0.0
1465852349_63f24514da.jpg,0.25,0.0625,0.125,0.0625,0.6875
5821482115_0e29f97669.jpg,0.0,0.0625,0.0,0.0,0.0625
5193937109_868e354440.jpg,0.125,0.1875,0.0,0.1875,0.0625
4323268089_b183e7220b.jpg,0.0,0.25,0.0,0.0,0.0
2991412354_b3ec555d63.jpg,0.3125,0.0625,0.0,0.0,0.0625
3434880321_0930a037bf.jpg,0.0,-0.0625,0.0,0.0,0.0
4000011814_7bcede7fd0.jpg,0.0,-0.125,0.625,0.0,0.0
913137579_921f4e640e.jpg,0.125,-0.0625,0.0,0.0625,0.0625
513150101_0705551c5d.jpg,0.25,0.125,0.0,0.0625,0.0625
7571110390_ab0de963cf.jpg,0.25,-0.125,0.0,0.0,0.0625
369057111_9f1f09c0d5.jpg,0.4375,0.125,0.25,0.0625,0.0625
229256449_cda650306b.jpg,0.375,0.0,0.0625,0.25,0.0625
27568821995_3eab06e88a_b.jpg,0.0625,0.0625,0.125,0.1875,0.125
6399245391_78dc0cffaa.jpg,0.4375,0.75,0.125,0.0625,0.125
5124490770_3cafc2bb45.jpg,0.0,-0.125,0.0,0.0,0.0
4666045696_124c032349.jpg,0.0,0.0625,0.0,0.0,0.0625
2205171298_d720e30608.jpg,0.5625,0.125,0.125,0.0625,0.0625
5021526691_9507d220a6.jpg,0.0,0.0,0.0625,0.0,0.0625
4594177516_812d7b68f1.jpg,0.0,0.0,0.0,0.0,0.0625
338434365_9053e2208d.jpg,0.1875,0.0,0.0,0.0,0.0625
9334649682_a0ef025ddf.jpg,0.25,-0.0625,0.0,0.0,0.0
371484254_8d9209defd.jpg,0.0,0.0625,0.0,0.0625,0.0625
8260623518_aa2c5da385_b.jpg,0.0,-0.0625,0.0,0.0,0.0
4722315432_c38374eb4c.jpg,0.125,0.0625,0.0,0.0625,0.0
4052338407_ebd54edccf.jpg,0.0,0.25,0.0625,0.0,0.0
26931148613_2c4743bc3c_b.jpg,0.0,0.125,0.0,0.0,0.0
5919700829_9e2e60ff0b.jpg,0.0,-0.125,0.0,0.0,0.0625
4158421591_6130a18cbb.jpg,0.0625,0.125,0.0625,0.0625,0.0625
913149023_a5589d0007.jpg,0.125,-0.125,0.0,0.0,0.0625
9937852796_686a90a665.jpg,0.0,0.0,0.0,0.0,0.0
21602278682_96d05e440a_b.jpg,0.125,0.125,0.0,0.0,0.0625
1158219446_0d3450f732.jpg,0.0,0.125,0.0,0.0,0.0
6782295369_b5449bc230.jpg,0.0625,0.1875,0.125,0.0,0.0625
6850660567_6ed6c3f0cc_b.jpg,0.25,-1.0,0.5625,0.0,0.0625
123927173_2d6ac83b1e.jpg,0.0,-0.0625,0.0625,0.0,0.0
1481209320_3d055f63c8.jpg,0.125,-0.1875,0.0,0.0625,0.6875
6122524618_116043727c.jpg,0.625,-0.1875,0.125,0.0625,0.0625
5254468367_e8c473c76b.jpg,0.0625,0.0,0.0625,0.125,0.125
2116098697_acaf8c1cbf.jpg,1.0,-0.75,0.9375,0.0,0.375
1195842881_3630059fb3.jpg,0.0,0.1875,0.0,0.25,0.0
8556024591_ef09f74de5_b.jpg,0.0,-0.125,0.0,0.125,0.0
4871785992_48d5f6cbaf.jpg,0.0625,-0.3125,0.0,0.0625,0.0625
5202673158_d991323cf8.jpg,0.0625,0.25,0.0625,0.0,0.0
1435351360_8c37c8bbf0.jpg,0.4375,-0.8125,0.5625,0.3125,0.125
1263867202_66b961fd13.jpg,0.0,-0.3125,0.125,0.5,0.0625
8603405634_ea3fbfbff5.jpg,0.1875,-0.3125,0.125,0.0625,0.0
7865357820_bed403088a.jpg,0.3125,-0.375,0.0,0.125,0.0
2627643941_8e9545cb62_b.jpg,0.25,0.3125,0.0625,0.0625,0.0625
4014654486_9ebf03b657_b.jpg,0.125,-0.5,0.0625,0.9375,0.125
9717578518_523d523514.jpg,0.0625,0.125,0.0625,0.0625,0.0
3844361014_d42e123aab.jpg,0.0,0.1875,0.0,0.0,0.0
5038795421_6832db6450.jpg,0.125,0.1875,0.0,0.0,0.0625
6313142591_589d8a11ca.jpg,0.5625,-0.3333333333333333,0.3125,0.08333333333333333,0.9375
13133790445_f0493e59b2_b.jpg,0.3125,-0.125,0.0,0.125,0.0
12036218583_c7816fee96.jpg,0.0,-0.4375,0.0,0.0,0.0
9587309977_2d84b0a6f7.jpg,0.25,-0.4375,0.0,0.0625,0.0625
2776094099_5301646422.jpg,0.6875,0.375,0.8125,0.0,0.0
4457476239_165bf68431.jpg,0.25,0.0625,0.0625,0.0,0.5
487479689_7708f3a0df.jpg,0.125,0.1875,0.0,0.0,0.0625
449815759_aa986b9a85.jpg,0.5,0.16666666666666666,0.5,0.0,0.875
3346010569_f4cdecf177.jpg,0.25,0.375,0.1875,0.125,0.0625
559175843_618d25bfbd.jpg,0.0625,0.0,0.0625,0.0,0.0
441697300_f40efd95cf.jpg,0.4375,0.25,0.375,0.0625,0.1875
524501183_e730d39a0e.jpg,0.1875,-0.125,0.0,0.0625,0.0625
8684047151_0f14fa9158.jpg,0.125,0.125,0.1875,0.0,0.0
8391409171_4a04c8050a.jpg,0.625,-1.0,0.625,0.0,0.125
5826585025_cc73925f10.jpg,0.0,-0.0625,0.0,0.0,0.0
7963248588_4068163b22_b.jpg,0.0,-0.0625,0.0,0.0,0.0625
8108888088_b41b029cbd.jpg,0.0625,0.0,0.0,0.0,0.0625
3017030416_fd91932a1a.jpg,0.0,0.0625,0.0,0.0,0.0
3698859753_04b1246cde.jpg,0.0625,0.125,0.25,0.0,0.125
3556689469_8538977132.jpg,0.125,-0.1875,0.3125,0.0,0.0
4280160734_716535c8a2.jpg,0.0625,-0.25,0.125,0.125,0.125
443232328_f0379e6630.jpg,0.1875,0.0625,0.1875,0.0,0.0
5873919421_2474600ddd.jpg,0.1875,0.0625,0.0,0.0625,0.0
9430457877_98f84537ec.jpg,0.125,-0.0625,0.0625,0.0,0.0625
6911218104_20064f0fcd.jpg,0.0,-0.0625,0.0,0.0,0.0
38964204_0aa5334ce8.jpg,0.125,0.0,0.0625,0.0,0.0625
4646094657_9c48d426ab.jpg,0.5625,0.1875,0.625,0.0,0.375
125851021_2b875a889c.jpg,1.0,-0.25,0.5625,0.4375,0.25
5403595570_3dac6666a4.jpg,0.125,-0.125,0.0625,0.125,0.0
5320629439_59b253fc01.jpg,0.1875,0.1875,0.0625,0.0,0.0625
32742582_425b96fb68.jpg,0.1875,0.0,0.0625,0.0625,0.0625
6484217919_b91936a160.jpg,0.0,-0.0625,0.0625,0.0625,0.0625
387524487_485f2f43b9.jpg,0.25,-0.25,0.0,0.1875,0.0625
6145922393_e9a468752b.jpg,0.3125,0.25,0.125,0.0625,0.0625
1802820972_3365d5d12d.jpg,0.1875,0.375,0.125,0.0,0.0
3289849299_88b1589152.jpg,0.0625,0.1875,0.0625,0.0625,0.0625
261167504_fecbd1089b.jpg,0.25,-0.0625,0.125,0.0625,0.0625
5153018097_2b5f95e636.jpg,0.1875,0.25,0.0,0.0,0.0
2813299081_fd31627ac8.jpg,0.4375,0.0,0.0,0.125,0.0625
5453260086_462e2fb56b.jpg,0.0625,-0.1875,0.0625,0.0,0.0625
5412551099_f3ea5fb2aa.jpg,0.375,-0.4375,0.0625,0.3125,0.5625
7668874212_8e3ed09045.jpg,0.6875,0.08333333333333333,0.6875,0.0,0.0
2717497886_39883e264c.jpg,0.0625,-0.0625,0.0,0.0,0.0
3825480057_17c9e2c520.jpg,0.1875,0.0625,0.125,0.0,0.0
272329837_6c2f1b5dd7.jpg,0.0,0.0625,0.0625,0.0625,0.0
3034912811_d0d7460ed1.jpg,0.25,0.0,0.0,0.0,0.0
9677034688_f7460b23d8.jpg,0.125,0.1875,0.0,0.0,0.0625
9108954787_5a26175d56.jpg,0.125,-0.0625,0.0,0.0,0.0625
477144053_f2e9cbc148.jpg,0.0,0.0,0.0625,0.0,0.0625
5272769622_833b51af28.jpg,0.125,-0.1875,0.0,0.0,0.0
9937369744_8b109b680b.jpg,0.25,0.0,0.0,0.0,0.0625
156238722_b4e330b2aa.jpg,0.125,-1.0,0.0,0.1875,0.0
390681940_21a2ce5eb5.jpg,0.1875,0.375,0.0,0.0,0.125
117531674_8e256a3f9a.jpg,0.0625,-0.3125,0.125,0.0625,0.0625
1439171353_29db01a08b.jpg,0.25,0.0,0.0,0.0,0.0625
2255735750_e42a3773cd.jpg,0.125,0.0625,0.5,0.0,0.0
5557373521_0de1d7a9a9_b.jpg,0.0,0.0625,0.75,0.0,0.0
3522945023_8716e3ddba.jpg,0.3125,0.1875,0.0,0.0,0.0625
2543551348_03d760d451.jpg,0.125,0.0625,0.0,0.0,0.0625
60660692_d89323ddd5.jpg,0.0625,-0.1875,0.125,0.0,0.0
264627006_107df6035a.jpg,0.1875,0.0625,0.0625,0.0625,0.0625
4778653407_a975919c62.jpg,0.0,-0.0625,0.0,0.0,0.0
4736917511_ce81b6ce72.jpg,0.25,0.0,0.0,0.0,0.0
2134943853_d4cb2dc695.jpg,0.3125,-0.1875,0.0625,0.0625,0.0625
2394581887_6128f744b4.jpg,0.125,0.0,0.125,0.0625,0.0
3634544476_f62e755b9c.jpg,0.1875,0.0625,0.0,0.0,0.6875
26959621853_90f42702e8_b.jpg,0.125,0.0625,0.0625,0.0,0.0625
77066292_b3bc484cc1.jpg,0.25,0.125,0.125,0.0,0.125
26956146834_8855ede3d5_b.jpg,0.375,0.5,0.0,0.0,0.0625
21955932658_a0cfc30a6d_b.jpg,0.0,0.1875,0.0,0.0,0.0
462318283_851d9fb736.jpg,0.0625,-0.0625,0.125,0.0,0.1875
2205791296_1e3b000e4e.jpg,0.8125,0.5,0.5,0.25,0.875
4655958693_fd5f1f854c.jpg,0.0625,-0.0625,0.0,0.0625,0.0625
5905614752_4d8059d05d.jpg,0.4375,-0.25,0.0625,0.0,0.0625
5441051960_92ebd315a1.jpg,0.0625,-0.25,0.0,0.1875,0.1875
25739616_df4bc6f557.jpg,0.0625,-1.0,0.125,0.0,0.0
10233244575_c5fc302c4e.jpg,0.125,0.375,0.0,0.0,0.0
5098709369_be30b98580.jpg,0.0625,0.0,0.0,0.0,0.0625
12918096474_26cbda062d.jpg,0.1875,-0.5,0.5625,0.125,0.0
3027270909_8b62bb6ecd.jpg,0.0625,0.0,0.0,0.0,0.0625
3399855209_7071ce441d.jpg,0.1875,0.0625,0.25,0.1875,0.125
7245783510_97840636b8.jpg,0.125,-0.0625,0.0625,0.0,0.0625
550348813_259ae10d59.jpg,0.4375,-0.1875,0.25,0.0,0.0625
11938329744_7149984d55.jpg,0.1875,-0.125,0.0,0.0625,0.0
4533427021_a794b8b97b.jpg,0.0,-0.0625,0.0625,0.0625,0.0
3988096517_c3634cd30f.jpg,0.4375,0.6875,0.08333333333333333,0.0,0.0
8712064782_c72d2aa40b.jpg,0.0,0.1875,0.0,0.0,0.0625
12001320014_370986550a.jpg,0.0,-0.125,0.0625,0.0,0.0
8146888740_2ba9983459.jpg,0.0,0.0625,0.0,0.0,0.0625
238370169_cd83a45c64.jpg,0.0,0.125,0.0,0.0,0.0
2124007291_eb2790047a.jpg,0.125,-0.25,0.5625,0.3125,0.6875
2081756595_84f62d7337.jpg,0.0,0.0,0.25,0.0625,0.125
6178951065_26fdce1c9f.jpg,0.0,0.0625,0.0,0.0,0.1875
6914289614_3920d18fc3.jpg,0.1875,-0.0625,0.0,0.0,0.3125
7791865534_6188bc85ed.jpg,0.0625,-0.0625,0.0,0.0,0.0625
5560150907_7aa6e3652a.jpg,0.0625,0.1875,0.0,0.0625,0.0
395023375_be9745d808.jpg,0.1875,0.1875,0.0625,0.0625,0.0
7722584262_f59acd7873.jpg,0.0625,0.0625,0.0,0.0,0.0625
10673004885_f5f53a289e.jpg,0.0,0.1875,0.0625,0.0,0.0
13494565493_7984be0ef1.jpg,0.0625,0.1875,0.0625,0.0,0.0625
3122896978_a804599d32.jpg,0.0,-0.1875,0.0625,0.0,0.0
6277680953_ed3e4f90f9_b.jpg,0.0625,0.0,0.0625,0.0,0.0625
11223633355_62d56b3f89.jpg,0.3125,0.0,0.5,0.0,0.0
26928630453_25e5b0b020_b.jpg,0.0,0.125,0.0,0.0,0.0
2643741555_f8879479dd.jpg,0.0,0.3125,0.0,0.0,0.0
2340101287_fc698903e9.jpg,0.1875,0.0625,0.0625,0.0,0.0625
3927562796_385b901061.jpg,0.0625,-0.125,0.375,0.25,0.1875
3184714866_585b5e9306.jpg,0.0625,0.0,0.375,0.6875,0.1875
377923976_eb72c06edf.jpg,0.3125,0.0625,0.25,0.0,0.625
5393282784_dbfca3f54a.jpg,0.0625,-0.125,0.0,0.0,0.0
3006071865_9083cbe3f9.jpg,0.125,0.1875,0.0,0.125,0.0
5203381705_e58d6bea2b.jpg,0.125,-0.5625,0.0,0.0,0.0
6273046516_3a94237854.jpg,0.0625,0.0,0.0,0.0,0.0625
4945564755_f7a1506821.jpg,0.0625,0.0,0.0,0.125,0.0
6634129971_b98d9b3b6e.jpg,0.1875,-0.25,0.0,0.0625,0.0625
2978578569_e693b7e914.jpg,0.0625,-0.0625,0.0,0.0,0.0625
291776755_3aa251c805.jpg,0.125,-0.0625,0.0,0.0,0.625
2163944760_2acf7ba9d1.jpg,0.1875,-1.0,0.0625,0.0,0.0625
26953368583_790b05eb18_b.jpg,0.4375,-0.1875,0.0,0.0625,0.0
3282201318_0649416ac5.jpg,0.125,-0.375,0.0,0.0,0.0
3104029288_01cd0f00b2.jpg,0.25,0.125,0.125,0.0,0.0
1324691276_d255483f38.jpg,0.125,0.4166666666666667,0.3125,0.0,0.3125
4833649357_e98b902c77.jpg,0.0,0.125,0.1875,0.0,0.5
4050482625_90fd67c501.jpg,0.0625,-0.125,0.125,0.0,0.0
12133995805_ec1db36965.jpg,0.0,0.0625,0.0625,0.0,0.125
2694864292_669e6f4d13.jpg,0.1875,-0.0625,0.125,0.4375,0.0
3172041425_3c7b8bc078.jpg,0.125,0.375,0.75,0.0,0.125
5033169952_3f9e485858.jpg,0.125,0.125,0.0,0.0625,0.0625
285377482_1e8df2804b.jpg,0.125,-0.0625,0.3125,0.0,0.0625
6542453593_701a25f471.jpg,0.25,0.25,0.1875,0.0,0.5625
330043536_1eda5a36fe.jpg,0.375,-0.375,0.5,0.125,0.1875
2040724767_311218fdec.jpg,0.25,-0.0625,0.0,0.125,0.0625
12476790775_b4befa0f6e.jpg,0.0625,0.0,0.0625,0.0,0.0
8255609197_b796a548bb.jpg,0.0625,0.25,0.1875,0.0625,0.0
6943618818_1d17287582.jpg,0.1875,-0.375,0.0625,0.125,0.0
2651822883_20f1d4d9a5.jpg,0.0,0.125,0.0,0.0,0.0625
4966990865_a807e3ee3b_b.jpg,0.0625,0.3125,0.0,0.0,0.0
4248678696_84fc6e9e0e.jpg,0.0,-0.9375,0.25,0.1875,0.0625
5605071197_87d13c37dc.jpg,0.0625,-1.0,0.125,0.0625,0.0625
2802802581_6c5a20279f.jpg,0.75,0.25,0.3125,0.0,0.375
2174465898_e259069c1b.jpg,0.875,0.0625,0.0,0.0,0.0
3887778690_73b0c20646.jpg,0.0625,-0.125,0.0,0.0,0.75
3781212024_c4c1709bbe.jpg,0.1875,-0.0625,0.0,0.0625,0.0
2534868422_4a5f45e559.jpg,0.0625,0.0,0.0,0.0,0.0
4005049503_75b3240acb.jpg,0.4375,0.4375,0.0,0.0,0.5625
1368435188_936f2c2db8.jpg,0.25,0.375,0.0625,0.0,0.3125
27291928150_957f6e294f_b.jpg,0.125,0.25,0.1875,0.0,0.0625
237877310_b6fce15a23.jpg,0.75,-0.125,0.375,0.0,0.0
5012527857_99964c06c0.jpg,0.4375,-0.125,0.0,0.0,0.3125
457930554_a4bc9c88b6.jpg,0.375,-0.3125,0.3125,0.1875,0.0625
5888144482_f29fe1efbd.jpg,0.0,0.125,0.0,0.0625,0.0625
3628365707_01a0aac567.jpg,0.0,-0.0625,0.125,0.0,0.0625
4014761411_4a61cdde26.jpg,0.0,0.375,0.0625,0.0,0.0
3781243098_e8b48eea6a.jpg,0.1875,0.0625,0.0,0.0,0.0
3717864765_9dbf76e881.jpg,0.0,0.0625,0.0,0.0,0.0
2877187300_873591f70a.jpg,0.3125,0.125,0.0625,0.0625,0.125
6275205803_bd465e0b14.jpg,0.0,-0.0625,0.25,0.0,0.125
2423726922_929afe2520.jpg,0.1875,-1.0,0.0625,0.3125,0.3125
5798857936_9d2e0981be.jpg,0.0,0.0625,0.1875,0.0,0.0625
2937523391_220be51c1a_b.jpg,0.375,0.0625,0.0625,0.0,0.0625
5491565705_8eb194cb0b.jpg,0.1875,0.0,0.0,0.0,0.0
3893091758_75b4d0ca78.jpg,0.0,0.125,0.0,0.0,0.0
501675680_7fade54483.jpg,0.0625,0.375,0.125,0.0625,0.0
